[Licensing::Module] Trying to connect to existing licensing client channel...
Built from '6000.5/staging' branch; Version is '6000.5.1f1 (0d9463e84828) revision 889955'; Using compiler version '194234433'; Build Type 'Release'
OS: 'Windows 11  (10.0.26200) Professional' Language: 'nl' Physical Memory: 32581 MB
[Licensing::IpcConnector] Successfully connected to: "LicenseClient-Michael" at "2026-08-17T11:22:07.0766436Z"
BatchMode: 1, IsHumanControllingUs: 0, StartBugReporterOnCrash: 0, Is64bit: 1
System  architecture: x64
Process architecture: x64
Date: 2026-08-17T11:22:07Z

COMMAND LINE ARGUMENTS:
C:\Program Files\Unity\Hub\Editor\6000.5.1f1\Editor\Unity.exe
-adb2
-batchMode
-noUpm
-name
AssetImportWorkerHW0
-projectPath
C:/Users/Michael/OneDrive/Documenten/GitHub/unstable-game-jam
-logFile
Logs/AssetImportWorkerHW0.log
-srvPort
65070
-parentPid
22640
-analyticsCloudUserId
anonymous
-analyticsLocalProjectId
b783b461ec11e59428197dbc2cb02278
-licensingIpc
LicenseClient-Michael
-noDiagnosticSwitchPersistentStore
-job-worker-count
9
-background-job-worker-count
8
-asset-garbage-collectors
1
-force-d3d12
-name
AssetImport
Successfully changed project path to: C:/Users/Michael/OneDrive/Documenten/GitHub/unstable-game-jam
C:/Users/Michael/OneDrive/Documenten/GitHub/unstable-game-jam
[UnityMemory] Configuration Parameters - Can be set up in boot.config
    "memorysetup-temp-allocator-size-gi-baking-worker=262144"
    "memorysetup-temp-allocator-size-gi-baking-worker=262144"
    "memorysetup-temp-allocator-size-gi-baking-worker=262144"
    "memorysetup-temp-allocator-size-gi-baking-worker=262144"
    "memorysetup-temp-allocator-size-gi-baking-worker=262144"
    "memorysetup-temp-allocator-size-nav-mesh-worker=65536"
    "memorysetup-temp-allocator-size-audio-worker=65536"
    "memorysetup-temp-allocator-size-cloud-worker=32768"
    "memorysetup-temp-allocator-size-gfx=262144"
    "memorysetup-temp-allocator-size-preload-manager=33554432"
    "memorysetup-allocator-temp-initial-block-size-main=262144"
    "memorysetup-allocator-temp-initial-block-size-worker=262144"
    "memorysetup-temp-allocator-size-job-worker=262144"
    "memorysetup-temp-allocator-size-background-worker=32768"
    "memorysetup-bucket-allocator-granularity=16"
    "memorysetup-bucket-allocator-bucket-count=8"
    "memorysetup-bucket-allocator-block-size=33554432"
    "memorysetup-bucket-allocator-block-count=8"
    "memorysetup-main-allocator-block-size=16777216"
    "memorysetup-thread-allocator-block-size=16777216"
    "memorysetup-main-allocator-mimalloc-enabled=0"
    "memorysetup-gfx-main-allocator-block-size=16777216"
    "memorysetup-gfx-thread-allocator-block-size=16777216"
    "memorysetup-cache-allocator-block-size=4194304"
    "memorysetup-typetree-allocator-block-size=2097152"
    "memorysetup-profiler-bucket-allocator-granularity=16"
    "memorysetup-profiler-bucket-allocator-bucket-count=8"
    "memorysetup-profiler-bucket-allocator-block-size=33554432"
    "memorysetup-profiler-bucket-allocator-block-count=8"
    "memorysetup-profiler-allocator-block-size=16777216"
    "memorysetup-profiler-editor-allocator-block-size=1048576"
    "memorysetup-temp-allocator-size-main=16777216"
    "memorysetup-job-temp-allocator-block-size=2097152"
    "memorysetup-job-temp-allocator-block-size-background=1048576"
    "memorysetup-job-temp-allocator-reduction-small-platforms=262144"
Player connection [4740]  Target information:

Player connection [4740]  * "[IP] 192.168.0.250 [Port] 0 [Flags] 2 [Guid] 3440550312 [EditorId] 3440550312 [Version] 1048832 [Id] WindowsEditor(7,DESKTOP-DHA7HI4) [Debug] 1 [PackageName] WindowsEditor [ProjectName] Editor" 

Player connection [4740] Host joined multi-casting on [225.0.0.222:54997]...
Player connection [4740] Host joined alternative multi-casting on [225.0.0.222:34997]...
JobSystem: Creating JobQueue using job-worker-count value 9
Input System module state changed to: Initialized.
[Physics::Module] Initialized fallback backend.
[Physics::Module] Id: 0xdecafbad
Library Redirect Path: Library/
[Physics::Module] Selected backend.
[Physics::Module] Name: PhysX
[Physics::Module] Id: 0xf2b8ea05
[Physics::Module] SDK Version: 4.1.2
[Physics::Module] Integration Version: 1.0.0
[Physics::Module] Threading Mode: Multi-Threaded
Initialize engine version: 6000.5.1f1 (0d9463e84828)
[Subsystems] Discovering subsystems at path C:/Program Files/Unity/Hub/Editor/6000.5.1f1/Editor/Data/Resources/UnitySubsystems
[Subsystems] Discovering subsystems at path C:/Users/Michael/OneDrive/Documenten/GitHub/unstable-game-jam/Assets
Forcing GfxDevice: Direct3D 12
GfxDevice: creating device client; kGfxThreadingModeNonThreaded
d3d12: failed to query info queue interface (0x80004002).
Direct3D:
    Version:         Direct3D 12 [level 12.2]
    Renderer:        NVIDIA GeForce RTX 4060 Ti (ID=0x2803)
    Vendor:          NVIDIA
    VRAM:            7949 MB
    App VRAM Budget: 7181 MB
    Driver:          32.0.16.1062
Initialize mono
Mono path[0] = 'C:/Program Files/Unity/Hub/Editor/6000.5.1f1/Editor/Data/Managed'
Mono path[1] = 'C:/Program Files/Unity/Hub/Editor/6000.5.1f1/Editor/Data/BCLExtensions/runtime/netstandard2.1'
Mono path[2] = 'C:/Program Files/Unity/Hub/Editor/6000.5.1f1/Editor/Data/MonoBleedingEdge/lib/mono/unityjit-win32'
Mono config path = 'C:/Program Files/Unity/Hub/Editor/6000.5.1f1/Editor/Data/MonoBleedingEdge/etc'
Using monoOptions --debugger-agent=transport=dt_socket,embedding=1,server=y,suspend=n,address=127.0.0.1:56264
CodeReloadManager initialized
Begin MonoManager ReloadAssembly
Registering precompiled unity dll's ...
Register platform support module: C:/Program Files/Unity/Hub/Editor/6000.5.1f1/Editor/Data/PlaybackEngines/WebGLSupport/UnityEditor.WebGL.Extensions.dll
Register platform support module: C:/Program Files/Unity/Hub/Editor/6000.5.1f1/Editor/Data/PlaybackEngines/MacStandaloneSupport/UnityEditor.OSXStandalone.Extensions.dll
Register platform support module: C:/Program Files/Unity/Hub/Editor/6000.5.1f1/Editor/Data/PlaybackEngines/WindowsStandaloneSupport/UnityEditor.WindowsStandalone.Extensions.dll
Registered in 0.002077 seconds.
[Licensing::Client] Error: HandshakeResponse reported an error:
	ResponseCode: 505
	ResponseStatus: Unsupported protocol version '1.18.1'.
[Licensing::Module] Error: Failed to handshake to channel: "LicenseClient-Michael"
[Licensing::IpcConnector] LicenseClient-Michael channel disconnected successfully.
[Licensing::IpcConnector] Successfully connected to: "LicenseClient-Michael-6000.5.1" at "2026-08-17T11:22:07.8375136Z"
[Licensing::Client] Code 10 while verifying Licensing Client signature (process Id: 28660, path: "C:/Program Files/Unity/Hub/Editor/6000.5.1f1/Editor/Data/Resources/Licensing/Client/Unity.Licensing.Client.exe")
[Licensing::Module] LicensingClient has failed validation; ignoring
[Licensing::Client] Handshaking with LicensingClient:
  Version:                 1.18.1+9fbee8e
  Session Id:              82fcabdbe8304a82b47061376e9f36a3
  Correlation Id:          471e440000ef79ae2c133c068d25e1c6
  External correlation Id: 1405177510993996845
  Machine Id:              lB7Fvni8nJ/INhYfLhxcb6TA0Qk=
[Licensing::Module] Successfully connected to LicensingClient on channel: "LicenseClient-Michael-6000.5.1" (connect: 0.00s, validation: 0.00s, handshake: 0.00s)
[Licensing::IpcConnector] Successfully connected to: "LicenseClient-Michael-6000.5.1-notifications" at "2026-08-17T11:22:07.8427688Z"
[Licensing::Module] Licensing Background thread has ended after 0.77s
Native extension for WindowsStandalone target not found
Native extension for OSXStandalone target not found
Native extension for WebGL target not found
Package Manager log level set to [2]
[Package Manager] Failed to launch server process. Reason: Unity was launched with the -noUpm command-line argument
[Package Manager] Unable to send message (not connected to server process).
[Package Manager] Cannot connect to Unity Package Manager local server
ScheduleIndexationOnStartup MainProcess:False IndexOnStartup:False
Mono: successfully reloaded assembly
- Finished resetting the current domain, in  0.298 seconds
Domain Reload Profiling: 717ms
	BeginReloadAssembly (103ms)
	RebuildCommonClasses (4ms)
	RebuildNativeTypeToScriptingClass (14ms)
	initialDomainReloadingComplete (56ms)
	LoadAllAssembliesAndSetupDomain (241ms)
		LoadAssemblies (100ms)
		AnalyzeDomain (172ms)
			TypeCache.Refresh (171ms)
				TypeCache.ScanAssembly (158ms)
	FinalizeReload (299ms)
		SetupLoadedEditorAssemblies (0ms)
			InitializePlatformSupportModulesInManaged (3ms)
			BeforeProcessingInitializeOnLoad (80ms)
			ProcessInitializeOnLoadAttributes (79ms)
			ProcessInitializeOnLoadMethodAttributes (82ms)
Initializing Unity extensions:
[Licensing::Client] Successfully resolved entitlement details
[Licensing::Module] License group:
  Id: F4-NNWG-DRBU-RUG9-SGUS-XXXX
  Product: Unity Personal
  Type: ULF
  Expiration: Unlimited
[Licensing::Module] License group:
  Id: 9072413380688-UnityPersXXXX
  Product: Unity Personal
  Type: Assigned
  Expiration: Unlimited
========================================================================
Worker process is ready to serve import requests
Import Worker Mode flag is 0x00
Begin MonoManager ReloadAssembly
Native extension for WindowsStandalone target not found
Native extension for OSXStandalone target not found
Native extension for WebGL target not found
[Package Manager] Failed to launch server process. Reason: Unity was launched with the -noUpm command-line argument
[Package Manager] Unable to send message (not connected to server process).
[Package Manager] Cannot connect to Unity Package Manager local server
ScheduleIndexationOnStartup MainProcess:False IndexOnStartup:False
Mono: successfully reloaded assembly
- Finished resetting the current domain, in  0.307 seconds
Domain Reload Profiling: 605ms
	BeginReloadAssembly (149ms)
		DisableScriptedObjects (4ms)
		CreateAndSetChildDomain (22ms)
	RebuildCommonClasses (7ms)
	RebuildNativeTypeToScriptingClass (13ms)
	initialDomainReloadingComplete (37ms)
	LoadAllAssembliesAndSetupDomain (92ms)
		LoadAssemblies (83ms)
		AnalyzeDomain (12ms)
			TypeCache.Refresh (8ms)
				TypeCache.ScanAssembly (4ms)
	FinalizeReload (308ms)
		SetupLoadedEditorAssemblies (0ms)
			InitializePlatformSupportModulesInManaged (3ms)
			BeforeProcessingInitializeOnLoad (73ms)
			ProcessInitializeOnLoadAttributes (66ms)
			ProcessInitializeOnLoadMethodAttributes (55ms)
			AfterProcessingInitializeOnLoad (6ms)
AcceleratorClientConnectionCallback - disconnected - :0
Launched and connected shader compiler UnityShaderCompiler.exe after 0.01 seconds
Unloading 1 Unused Serialized files (Serialized files now loaded: 0)
Curl error 3: URL rejected: Malformed input to a URL function
Unloading 64 unused Assets / (32.3 KB). Loaded Objects now: 670.
Memory consumption went from 150.5 MB to 150.4 MB.
Total: 2.983300 ms (FindLiveObjects: 0.033500 ms CreateObjectMapping: 0.014000 ms MarkObjects: 2.861900 ms  DeleteObjects: 0.072000 ms)

========================================================================
Received Import Request.
  Time of request: 2026-08-17T11:23:06.6937869Z
  Time since last request: 265541.41593439999269 seconds.
  importAddress: GUID: 23032f4383e95e772bce465c5896d0fd - Path: Packages/com.unity.modules.terrain/package.ModuleCompilationTrigger - Importer: ScriptedImporter/UnityEditor.QuickSearchModule:UnityEditor.Search:ASIAI0B
Importing 'GUID: 23032f4383e95e772bce465c5896d0fd - Path: Packages/com.unity.modules.terrain/package.ModuleCompilationTrigger - Importer: ScriptedImporter/UnityEditor.QuickSearchModule:UnityEditor.Search:ASIAI0B' with importer (ScriptedImporter : UnityEditor.QuickSearchModule:UnityEditor.Search:ASIAI0B)
Imported 'GUID: 23032f4383e95e772bce465c5896d0fd' -> (Import Result ID: '36c3679b32550469e31f9acd8ec5d377') in 0.080 seconds [static and dynamic dependencies]. Details - ImportResultOutputID=961081a3c2327b99f7e37db64abdab59 DependenciesID=cce4e4238e982cc92e3d77649490bb6e StaticDependenciesID=fc371b15f371670ef053e0db2f8e8852 
Number of updated asset objects reloaded before import = 0
Number of asset objects unloaded after import = 1
========================================================================
Received Import Request.
  Time of request: 2026-08-17T11:23:06.780752Z
  Time since last request: 0.0059041 seconds.
  importAddress: GUID: 8a752aaaadd2410dd9a84e01c1bace9f - Path: Packages/com.unity.modules.uielements/package.ModuleCompilationTrigger - Importer: ScriptedImporter/UnityEditor.QuickSearchModule:UnityEditor.Search:ASIAI0B
Importing 'GUID: 8a752aaaadd2410dd9a84e01c1bace9f - Path: Packages/com.unity.modules.uielements/package.ModuleCompilationTrigger - Importer: ScriptedImporter/UnityEditor.QuickSearchModule:UnityEditor.Search:ASIAI0B' with importer (ScriptedImporter : UnityEditor.QuickSearchModule:UnityEditor.Search:ASIAI0B)
Imported 'GUID: 8a752aaaadd2410dd9a84e01c1bace9f' -> (Import Result ID: '3addb208f859e595b5e8acdc080e8db6') in 0.004 seconds [static and dynamic dependencies]. Details - ImportResultOutputID=93958d6f81208c2fccc1cb1003f675b8 DependenciesID=8b9db9843dc267b56eafb8a89dee0c99 StaticDependenciesID=2dc8ca83857e0ac330035800252f43a3 
Number of updated asset objects reloaded before import = 0
Number of asset objects unloaded after import = 1
========================================================================
Received Import Request.
  Time of request: 2026-08-17T11:23:06.7852446Z
  Time since last request: 0.000189 seconds.
  importAddress: GUID: 54407f5deee4439eb1885bee01956e9c - Path: Packages/com.unity.multiplayer.center/Editor/Analytics/AnalyticsUtils.cs - Importer: ScriptedImporter/UnityEditor.QuickSearchModule:UnityEditor.Search:ASIAI0B
Importing 'GUID: 54407f5deee4439eb1885bee01956e9c - Path: Packages/com.unity.multiplayer.center/Editor/Analytics/AnalyticsUtils.cs - Importer: ScriptedImporter/UnityEditor.QuickSearchModule:UnityEditor.Search:ASIAI0B' with importer (ScriptedImporter : UnityEditor.QuickSearchModule:UnityEditor.Search:ASIAI0B)
Imported 'GUID: 54407f5deee4439eb1885bee01956e9c' -> (Import Result ID: '69af2598e2d1c56a63e54bae5ff9a380') in 0.014 seconds [static and dynamic dependencies]. Details - ImportResultOutputID=80c4b7c9c494a7a74f9bfe07225f2806 DependenciesID=2034de5ea28560773d78bc40339ca7f5 StaticDependenciesID=4db96eb0bbea2e877f77cce6af33b096 
Number of updated asset objects reloaded before import = 0
Number of asset objects unloaded after import = 0
========================================================================
Received Import Request.
  Time of request: 2026-08-17T11:23:06.7991805Z
  Time since last request: 0.0002418 seconds.
  importAddress: GUID: 1bd8e2f47a6c4478ab8f0ade7687e79b - Path: Packages/com.unity.multiplayer.center/Common/IOnboardingSection.cs - Importer: ScriptedImporter/UnityEditor.QuickSearchModule:UnityEditor.Search:ASIAI0B
Importing 'GUID: 1bd8e2f47a6c4478ab8f0ade7687e79b - Path: Packages/com.unity.multiplayer.center/Common/IOnboardingSection.cs - Importer: ScriptedImporter/UnityEditor.QuickSearchModule:UnityEditor.Search:ASIAI0B' with importer (ScriptedImporter : UnityEditor.QuickSearchModule:UnityEditor.Search:ASIAI0B)
Imported 'GUID: 1bd8e2f47a6c4478ab8f0ade7687e79b' -> (Import Result ID: '26aac531c51d073f68a87da42ac85dba') in 0.002 seconds [static and dynamic dependencies]. Details - ImportResultOutputID=5fae42809ebe59e73ab70dbd5e48bd9f DependenciesID=e3ad084a4d3ee11fb6d01e9a33ccd543 StaticDependenciesID=2057d0edb8f6a4bb0a667259fce850f9 
Number of updated asset objects reloaded before import = 0
Number of asset objects unloaded after import = 0
========================================================================
Received Import Request.
  Time of request: 2026-08-17T11:23:06.8015878Z
  Time since last request: 0.0002241 seconds.
  importAddress: GUID: be13c398521e3c1ad21fb9da30ab2ab6 - Path: Packages/com.unity.modules.imgui/package.ModuleCompilationTrigger - Importer: ScriptedImporter/UnityEditor.QuickSearchModule:UnityEditor.Search:ASIAI0B
Importing 'GUID: be13c398521e3c1ad21fb9da30ab2ab6 - Path: Packages/com.unity.modules.imgui/package.ModuleCompilationTrigger - Importer: ScriptedImporter/UnityEditor.QuickSearchModule:UnityEditor.Search:ASIAI0B' with importer (ScriptedImporter : UnityEditor.QuickSearchModule:UnityEditor.Search:ASIAI0B)
Imported 'GUID: be13c398521e3c1ad21fb9da30ab2ab6' -> (Import Result ID: '46a07173b726295f9bfc88ae93b132ec') in 0.002 seconds [static and dynamic dependencies]. Details - ImportResultOutputID=dd2e122572125a0dc174773816d50f29 DependenciesID=0e2fd24ea46c3958fd7b00932aca408c StaticDependenciesID=23d83c430a55fb13dee161f0931fb777 
Number of updated asset objects reloaded before import = 0
Number of asset objects unloaded after import = 1
========================================================================
Received Import Request.
  Time of request: 2026-08-17T11:23:06.8039619Z
  Time since last request: 0.0002112 seconds.
  importAddress: GUID: 6d56244f8c39a851975d3c0bd432c66f - Path: Packages/com.unity.modules.terrain/package.json - Importer: ScriptedImporter/UnityEditor.QuickSearchModule:UnityEditor.Search:ASIAI0B
Importing 'GUID: 6d56244f8c39a851975d3c0bd432c66f - Path: Packages/com.unity.modules.terrain/package.json - Importer: ScriptedImporter/UnityEditor.QuickSearchModule:UnityEditor.Search:ASIAI0B' with importer (ScriptedImporter : UnityEditor.QuickSearchModule:UnityEditor.Search:ASIAI0B)
Imported 'GUID: 6d56244f8c39a851975d3c0bd432c66f' -> (Import Result ID: 'b999eea341ca1112ced95e7918fe3be0') in 0.015 seconds [static and dynamic dependencies]. Details - ImportResultOutputID=c2332110c20f8745d35bc34b6efa2c23 DependenciesID=1bdc5baea05709721538dd94d8993b0a StaticDependenciesID=bca7d3dfd92149a121de9e8de77ed905 
Number of updated asset objects reloaded before import = 0
Number of asset objects unloaded after import = 1
========================================================================
Received Import Request.
  Time of request: 2026-08-17T11:23:06.8192399Z
  Time since last request: 0.0002409 seconds.
  importAddress: GUID: 4f0f9b9f3ed97ad2b9ba8f1a8e4666c2 - Path: Packages/com.unity.modules.uielements/package.json - Importer: ScriptedImporter/UnityEditor.QuickSearchModule:UnityEditor.Search:ASIAI0B
Importing 'GUID: 4f0f9b9f3ed97ad2b9ba8f1a8e4666c2 - Path: Packages/com.unity.modules.uielements/package.json - Importer: ScriptedImporter/UnityEditor.QuickSearchModule:UnityEditor.Search:ASIAI0B' with importer (ScriptedImporter : UnityEditor.QuickSearchModule:UnityEditor.Search:ASIAI0B)
Imported 'GUID: 4f0f9b9f3ed97ad2b9ba8f1a8e4666c2' -> (Import Result ID: 'b45d1fd3ea8bc43e735892f8610ddcbe') in 0.011 seconds [static and dynamic dependencies]. Details - ImportResultOutputID=625d47bbe9c2844abc91491c79a1787d DependenciesID=d78a18a43dc534a7ef3cabad507699cd StaticDependenciesID=5a14753da026e4f9d007557ceeee616c 
Number of updated asset objects reloaded before import = 0
Number of asset objects unloaded after import = 1
========================================================================
Received Import Request.
  Time of request: 2026-08-17T11:23:06.8302141Z
  Time since last request: 0.0002415 seconds.
  importAddress: GUID: 833328f3bcf144cc94f92e286e86b427 - Path: Packages/com.unity.multiplayer.center/Common/IOnboardingSectionAnalyticsProvider.cs - Importer: ScriptedImporter/UnityEditor.QuickSearchModule:UnityEditor.Search:ASIAI0B
Importing 'GUID: 833328f3bcf144cc94f92e286e86b427 - Path: Packages/com.unity.multiplayer.center/Common/IOnboardingSectionAnalyticsProvider.cs - Importer: ScriptedImporter/UnityEditor.QuickSearchModule:UnityEditor.Search:ASIAI0B' with importer (ScriptedImporter : UnityEditor.QuickSearchModule:UnityEditor.Search:ASIAI0B)
Imported 'GUID: 833328f3bcf144cc94f92e286e86b427' -> (Import Result ID: '8d33b6803a2c1a85382c3cbc6318c312') in 0.002 seconds [static and dynamic dependencies]. Details - ImportResultOutputID=9a4c93e9c651b706222603eee132a42c DependenciesID=a25a6733b90dae2270921da6aa92952b StaticDependenciesID=39d3424feb41ebb15db51983ca0c877f 
Number of updated asset objects reloaded before import = 0
Number of asset objects unloaded after import = 0
========================================================================
Received Import Request.
  Time of request: 2026-08-17T11:23:06.8324399Z
  Time since last request: 0.0002004 seconds.
  importAddress: GUID: 222fc39b0c85d800342910da2cd64781 - Path: Packages/com.unity.modules.assetbundle/package.ModuleCompilationTrigger - Importer: ScriptedImporter/UnityEditor.QuickSearchModule:UnityEditor.Search:ASIAI0B
Importing 'GUID: 222fc39b0c85d800342910da2cd64781 - Path: Packages/com.unity.modules.assetbundle/package.ModuleCompilationTrigger - Importer: ScriptedImporter/UnityEditor.QuickSearchModule:UnityEditor.Search:ASIAI0B' with importer (ScriptedImporter : UnityEditor.QuickSearchModule:UnityEditor.Search:ASIAI0B)
Imported 'GUID: 222fc39b0c85d800342910da2cd64781' -> (Import Result ID: '50a879c5c264acc8e143b7b31687582f') in 0.002 seconds [static and dynamic dependencies]. Details - ImportResultOutputID=073435e8fb7c21924a0bb0a44b393508 DependenciesID=32794ac93d053b6b5654e034df540d15 StaticDependenciesID=1960515560e8a09e8606c298affb3894 
Number of updated asset objects reloaded before import = 0
Number of asset objects unloaded after import = 1
========================================================================
Received Import Request.
  Time of request: 2026-08-17T11:23:06.8346465Z
  Time since last request: 0.0001825 seconds.
  importAddress: GUID: e1ef8466c8fd01a549f10baa4d51fa17 - Path: Packages/com.unity.modules.assetbundle/package.json - Importer: ScriptedImporter/UnityEditor.QuickSearchModule:UnityEditor.Search:ASIAI0B
Importing 'GUID: e1ef8466c8fd01a549f10baa4d51fa17 - Path: Packages/com.unity.modules.assetbundle/package.json - Importer: ScriptedImporter/UnityEditor.QuickSearchModule:UnityEditor.Search:ASIAI0B' with importer (ScriptedImporter : UnityEditor.QuickSearchModule:UnityEditor.Search:ASIAI0B)
Imported 'GUID: e1ef8466c8fd01a549f10baa4d51fa17' -> (Import Result ID: 'ca1a05796b61a0a2ee955b81c2ed746b') in 0.012 seconds [static and dynamic dependencies]. Details - ImportResultOutputID=5f26e62775664ea299463d5c62662378 DependenciesID=f369479c2075bfdb95017f5a6e8f2b76 StaticDependenciesID=001c3d7ea4cd0ba3ff28e13f7fb15466 
Number of updated asset objects reloaded before import = 0
Number of asset objects unloaded after import = 1
========================================================================
Received Import Request.
  Time of request: 2026-08-17T11:23:06.8472486Z
  Time since last request: 0.0002218 seconds.
  importAddress: GUID: e9df95f53f1c1d0c9199e235d6c42b50 - Path: Packages/com.unity.modules.audio/package.json - Importer: ScriptedImporter/UnityEditor.QuickSearchModule:UnityEditor.Search:ASIAI0B
Importing 'GUID: e9df95f53f1c1d0c9199e235d6c42b50 - Path: Packages/com.unity.modules.audio/package.json - Importer: ScriptedImporter/UnityEditor.QuickSearchModule:UnityEditor.Search:ASIAI0B' with importer (ScriptedImporter : UnityEditor.QuickSearchModule:UnityEditor.Search:ASIAI0B)
Imported 'GUID: e9df95f53f1c1d0c9199e235d6c42b50' -> (Import Result ID: 'e0bc42a80fe829681fa65a38ead1d1c3') in 0.009 seconds [static and dynamic dependencies]. Details - ImportResultOutputID=16c3ac5d743d486c4c596a6a7fe4cece DependenciesID=37d1db1a16b8e38496cf3f9df3eb5727 StaticDependenciesID=52d3f3857dfa289cf31214dffb6a0d54 
Number of updated asset objects reloaded before import = 0
Number of asset objects unloaded after import = 1
========================================================================
Received Import Request.
  Time of request: 2026-08-17T11:23:06.8564882Z
  Time since last request: 0.0001886 seconds.
  importAddress: GUID: 2c814623cb42764d304be0c5ddd03ceb - Path: Packages/com.unity.modules.xr/package.json - Importer: ScriptedImporter/UnityEditor.QuickSearchModule:UnityEditor.Search:ASIAI0B
Importing 'GUID: 2c814623cb42764d304be0c5ddd03ceb - Path: Packages/com.unity.modules.xr/package.json - Importer: ScriptedImporter/UnityEditor.QuickSearchModule:UnityEditor.Search:ASIAI0B' with importer (ScriptedImporter : UnityEditor.QuickSearchModule:UnityEditor.Search:ASIAI0B)
Imported 'GUID: 2c814623cb42764d304be0c5ddd03ceb' -> (Import Result ID: '703c5b2dbe6c46f8e6dbab97118e1cea') in 0.011 seconds [static and dynamic dependencies]. Details - ImportResultOutputID=883eceaef968f0fc6ec8e8dc31539d2b DependenciesID=d2d5b3b92e8ccfa9fec52189fe26cf8b StaticDependenciesID=5eb0dc2a9d78d3aeca69b70ffe2988a0 
Number of updated asset objects reloaded before import = 0
Number of asset objects unloaded after import = 1
========================================================================
Received Import Request.
  Time of request: 2026-08-17T11:23:06.8679153Z
  Time since last request: 0.0002176 seconds.
  importAddress: GUID: c359bcaf4a0bc4040aac650bf14ec619 - Path: Packages/com.unity.multiplayer.center/README.md - Importer: ScriptedImporter/UnityEditor.QuickSearchModule:UnityEditor.Search:ASIAI0B
Importing 'GUID: c359bcaf4a0bc4040aac650bf14ec619 - Path: Packages/com.unity.multiplayer.center/README.md - Importer: ScriptedImporter/UnityEditor.QuickSearchModule:UnityEditor.Search:ASIAI0B' with importer (ScriptedImporter : UnityEditor.QuickSearchModule:UnityEditor.Search:ASIAI0B)
Imported 'GUID: c359bcaf4a0bc4040aac650bf14ec619' -> (Import Result ID: 'd96719f5a442e165faa1618498e4b90f') in 0.012 seconds [static and dynamic dependencies]. Details - ImportResultOutputID=2376990f4c322bae39329b62d7357d7f DependenciesID=f3b7bbc8b9e8c928deabb1593ce2cea4 StaticDependenciesID=6e14c4c77335b847d8abaed8e93f15bb 
Number of updated asset objects reloaded before import = 0
Number of asset objects unloaded after import = 1
========================================================================
Received Import Request.
  Time of request: 2026-08-17T11:23:06.8799115Z
  Time since last request: 0.0001431 seconds.
  importAddress: GUID: 89b6d933e4994d0980f6b48dc2b8779c - Path: Packages/com.unity.multiplayer.center/Common/AnswerData.cs - Importer: ScriptedImporter/UnityEditor.QuickSearchModule:UnityEditor.Search:ASIAI0B
Importing 'GUID: 89b6d933e4994d0980f6b48dc2b8779c - Path: Packages/com.unity.multiplayer.center/Common/AnswerData.cs - Importer: ScriptedImporter/UnityEditor.QuickSearchModule:UnityEditor.Search:ASIAI0B' with importer (ScriptedImporter : UnityEditor.QuickSearchModule:UnityEditor.Search:ASIAI0B)
Imported 'GUID: 89b6d933e4994d0980f6b48dc2b8779c' -> (Import Result ID: '9bbc57fe6dd51ca28be266fbb55981f8') in 0.003 seconds [static and dynamic dependencies]. Details - ImportResultOutputID=5819aba980b96080f4f45f38fab332d9 DependenciesID=93ee737e7e9ebcf3f6322f10d8dacc80 StaticDependenciesID=9a09c9e775aef6df108beb883b249c97 
Number of updated asset objects reloaded before import = 0
Number of asset objects unloaded after import = 0
========================================================================
Received Import Request.
  Time of request: 2026-08-17T11:23:06.8833399Z
  Time since last request: 0.000244 seconds.
  importAddress: GUID: 553737203d61a8109f9544a97201e1aa - Path: Packages/com.unity.modules.unitywebrequestaudio/package.ModuleCompilationTrigger - Importer: ScriptedImporter/UnityEditor.QuickSearchModule:UnityEditor.Search:ASIAI0B
Importing 'GUID: 553737203d61a8109f9544a97201e1aa - Path: Packages/com.unity.modules.unitywebrequestaudio/package.ModuleCompilationTrigger - Importer: ScriptedImporter/UnityEditor.QuickSearchModule:UnityEditor.Search:ASIAI0B' with importer (ScriptedImporter : UnityEditor.QuickSearchModule:UnityEditor.Search:ASIAI0B)
Imported 'GUID: 553737203d61a8109f9544a97201e1aa' -> (Import Result ID: 'ade0307aeb186a49e76de7264e04e777') in 0.002 seconds [static and dynamic dependencies]. Details - ImportResultOutputID=aacae8b75b18c1734cdeb9642ceb56b1 DependenciesID=f41a5ba9f88217026727c555d6a632d6 StaticDependenciesID=47b4e217424907707b7c7b1e4731365d 
Number of updated asset objects reloaded before import = 0
Number of asset objects unloaded after import = 1
========================================================================
Received Import Request.
  Time of request: 2026-08-17T11:23:06.8860457Z
  Time since last request: 0.0002249 seconds.
  importAddress: GUID: 0a9ab22e4e004c7db707338bccb538b9 - Path: Packages/com.unity.multiplayer.center/Common/Preset.cs - Importer: ScriptedImporter/UnityEditor.QuickSearchModule:UnityEditor.Search:ASIAI0B
Importing 'GUID: 0a9ab22e4e004c7db707338bccb538b9 - Path: Packages/com.unity.multiplayer.center/Common/Preset.cs - Importer: ScriptedImporter/UnityEditor.QuickSearchModule:UnityEditor.Search:ASIAI0B' with importer (ScriptedImporter : UnityEditor.QuickSearchModule:UnityEditor.Search:ASIAI0B)
Imported 'GUID: 0a9ab22e4e004c7db707338bccb538b9' -> (Import Result ID: 'bfa2db798f54929f4fedec8cadd5048e') in 0.002 seconds [static and dynamic dependencies]. Details - ImportResultOutputID=51e27431933ab7fdf94497cb77a69d94 DependenciesID=d2b752eac65bd17dacded0abbc87bd94 StaticDependenciesID=1d23fd2c2c3a4a0845f8e2c1f52f1f7c 
Number of updated asset objects reloaded before import = 0
Number of asset objects unloaded after import = 0
========================================================================
Received Import Request.
  Time of request: 2026-08-17T11:23:06.8885139Z
  Time since last request: 0.0001907 seconds.
  importAddress: GUID: 50d5ff9fe4ab4477b7ea648da183e9d1 - Path: Packages/com.unity.multiplayer.center/Common/StyleConstants.cs - Importer: ScriptedImporter/UnityEditor.QuickSearchModule:UnityEditor.Search:ASIAI0B
Importing 'GUID: 50d5ff9fe4ab4477b7ea648da183e9d1 - Path: Packages/com.unity.multiplayer.center/Common/StyleConstants.cs - Importer: ScriptedImporter/UnityEditor.QuickSearchModule:UnityEditor.Search:ASIAI0B' with importer (ScriptedImporter : UnityEditor.QuickSearchModule:UnityEditor.Search:ASIAI0B)
Imported 'GUID: 50d5ff9fe4ab4477b7ea648da183e9d1' -> (Import Result ID: 'd0629acdc5fda75088848c816076ebcc') in 0.003 seconds [static and dynamic dependencies]. Details - ImportResultOutputID=e1aec5f642e2a6a4e9d45709c0be8401 DependenciesID=4789aa3ae61b9ed8db970fea00b1a3fb StaticDependenciesID=a980a6f3abef16466f3ca6cb6efab113 
Number of updated asset objects reloaded before import = 0
Number of asset objects unloaded after import = 0
========================================================================
Received Import Request.
  Time of request: 2026-08-17T11:23:06.8915574Z
  Time since last request: 0.0002089 seconds.
  importAddress: GUID: c7a8b0317f4e68556d7509828e9e211e - Path: Packages/com.unity.modules.xr/package.ModuleCompilationTrigger - Importer: ScriptedImporter/UnityEditor.QuickSearchModule:UnityEditor.Search:ASIAI0B
Importing 'GUID: c7a8b0317f4e68556d7509828e9e211e - Path: Packages/com.unity.modules.xr/package.ModuleCompilationTrigger - Importer: ScriptedImporter/UnityEditor.QuickSearchModule:UnityEditor.Search:ASIAI0B' with importer (ScriptedImporter : UnityEditor.QuickSearchModule:UnityEditor.Search:ASIAI0B)
Imported 'GUID: c7a8b0317f4e68556d7509828e9e211e' -> (Import Result ID: 'e3b1746060bfb3d85dd5185a5164ff47') in 0.002 seconds [static and dynamic dependencies]. Details - ImportResultOutputID=facaa2212302b978b7973ce42f82ae32 DependenciesID=18ea8836b02213bf6e700c67c9227fde StaticDependenciesID=8ef61a630221eef84923300b3d6d6859 
Number of updated asset objects reloaded before import = 0
Number of asset objects unloaded after import = 1
========================================================================
Received Import Request.
  Time of request: 2026-08-17T11:23:06.8937261Z
  Time since last request: 0.0001888 seconds.
  importAddress: GUID: 185e678d90804a8a85ab38276eca86fb - Path: Packages/com.unity.multiplayer.center/Editor/Analytics/MultiplayerCenterAnalytics.cs - Importer: ScriptedImporter/UnityEditor.QuickSearchModule:UnityEditor.Search:ASIAI0B
Importing 'GUID: 185e678d90804a8a85ab38276eca86fb - Path: Packages/com.unity.multiplayer.center/Editor/Analytics/MultiplayerCenterAnalytics.cs - Importer: ScriptedImporter/UnityEditor.QuickSearchModule:UnityEditor.Search:ASIAI0B' with importer (ScriptedImporter : UnityEditor.QuickSearchModule:UnityEditor.Search:ASIAI0B)
Imported 'GUID: 185e678d90804a8a85ab38276eca86fb' -> (Import Result ID: '1269c5fa147263327a95dc620ebb95c2') in 0.002 seconds [static and dynamic dependencies]. Details - ImportResultOutputID=6ea664e250953c586c96978a750f6a5d DependenciesID=c1d7d2b6aadec72e947351fd0b00217d StaticDependenciesID=872841e00a54bc0c2a8bae3ea2dd5959 
Number of updated asset objects reloaded before import = 0
Number of asset objects unloaded after import = 0
========================================================================
Received Import Request.
  Time of request: 2026-08-17T11:23:06.896195Z
  Time since last request: 0.0002076 seconds.
  importAddress: GUID: 70554f6c9e4114e1084bb38f9ea400ce - Path: Packages/com.unity.multiplayer.center/LICENSE.md - Importer: ScriptedImporter/UnityEditor.QuickSearchModule:UnityEditor.Search:ASIAI0B
Importing 'GUID: 70554f6c9e4114e1084bb38f9ea400ce - Path: Packages/com.unity.multiplayer.center/LICENSE.md - Importer: ScriptedImporter/UnityEditor.QuickSearchModule:UnityEditor.Search:ASIAI0B' with importer (ScriptedImporter : UnityEditor.QuickSearchModule:UnityEditor.Search:ASIAI0B)
Imported 'GUID: 70554f6c9e4114e1084bb38f9ea400ce' -> (Import Result ID: 'fc06c3d90c3a7db57383361678ba9551') in 0.012 seconds [static and dynamic dependencies]. Details - ImportResultOutputID=a966c31829e23b47703633ac081b6bad DependenciesID=49a03658757b9c73d07404d53b9779d7 StaticDependenciesID=bb8c844fdb7e2076a482a925f8d6e794 
Number of updated asset objects reloaded before import = 0
Number of asset objects unloaded after import = 1
========================================================================
Received Import Request.
  Time of request: 2026-08-17T11:23:06.9082011Z
  Time since last request: 0.0002498 seconds.
  importAddress: GUID: 80beef77cb19e713c7c2d481b65ed485 - Path: Packages/com.unity.modules.screencapture/package.json - Importer: ScriptedImporter/UnityEditor.QuickSearchModule:UnityEditor.Search:ASIAI0B
Importing 'GUID: 80beef77cb19e713c7c2d481b65ed485 - Path: Packages/com.unity.modules.screencapture/package.json - Importer: ScriptedImporter/UnityEditor.QuickSearchModule:UnityEditor.Search:ASIAI0B' with importer (ScriptedImporter : UnityEditor.QuickSearchModule:UnityEditor.Search:ASIAI0B)
Imported 'GUID: 80beef77cb19e713c7c2d481b65ed485' -> (Import Result ID: '94cda56cacb0e88b86e67a404426e769') in 0.010 seconds [static and dynamic dependencies]. Details - ImportResultOutputID=912358f4d1ddd7fda3a5ae025219c26c DependenciesID=c7614126aeb7ae6e8730c51c352e0cc7 StaticDependenciesID=62e8d7bab67b96331d33ee1710038018 
Number of updated asset objects reloaded before import = 0
Number of asset objects unloaded after import = 1
========================================================================
Received Import Request.
  Time of request: 2026-08-17T11:23:06.9183977Z
  Time since last request: 0.0001955 seconds.
  importAddress: GUID: df0857f6a11054383be91b1f8e1b5800 - Path: Packages/com.unity.multiplayer.center/package.json - Importer: ScriptedImporter/UnityEditor.QuickSearchModule:UnityEditor.Search:ASIAI0B
Importing 'GUID: df0857f6a11054383be91b1f8e1b5800 - Path: Packages/com.unity.multiplayer.center/package.json - Importer: ScriptedImporter/UnityEditor.QuickSearchModule:UnityEditor.Search:ASIAI0B' with importer (ScriptedImporter : UnityEditor.QuickSearchModule:UnityEditor.Search:ASIAI0B)
Imported 'GUID: df0857f6a11054383be91b1f8e1b5800' -> (Import Result ID: 'aa653e949560ad17a1b593f796d3e519') in 0.010 seconds [static and dynamic dependencies]. Details - ImportResultOutputID=5ff3bc66887ab9050f19704c49373c01 DependenciesID=21f2a2f375a15ce1a59dd963c480df8f StaticDependenciesID=20fb40fcd632027c3956c9fde0b57545 
Number of updated asset objects reloaded before import = 0
Number of asset objects unloaded after import = 1
========================================================================
Received Import Request.
  Time of request: 2026-08-17T11:23:06.9291252Z
  Time since last request: 0.0002128 seconds.
  importAddress: GUID: be17709716f1648caa5de6d0c38103ed - Path: Packages/com.unity.multiplayer.center/Editor/Unity.Multiplayer.Center.Editor.asmdef - Importer: ScriptedImporter/UnityEditor.QuickSearchModule:UnityEditor.Search:ASIAI0B
Importing 'GUID: be17709716f1648caa5de6d0c38103ed - Path: Packages/com.unity.multiplayer.center/Editor/Unity.Multiplayer.Center.Editor.asmdef - Importer: ScriptedImporter/UnityEditor.QuickSearchModule:UnityEditor.Search:ASIAI0B' with importer (ScriptedImporter : UnityEditor.QuickSearchModule:UnityEditor.Search:ASIAI0B)
Imported 'GUID: be17709716f1648caa5de6d0c38103ed' -> (Import Result ID: 'f2b7e87a659bf975a01a1ee709eb5999') in 0.010 seconds [static and dynamic dependencies]. Details - ImportResultOutputID=735bd2ba9cb5b6ecc280840de9b7d284 DependenciesID=d62b7a5815b0ed04542c63b135460458 StaticDependenciesID=371ba83ba83c3d9b3fd928186d534e86 
Number of updated asset objects reloaded before import = 0
Number of asset objects unloaded after import = 1
========================================================================
Received Import Request.
  Time of request: 2026-08-17T11:23:06.9397784Z
  Time since last request: 0.0003635 seconds.
  importAddress: GUID: ae87256f29d9c8b50490f4caf75b2c41 - Path: Packages/com.unity.modules.unitywebrequestwww/package.ModuleCompilationTrigger - Importer: ScriptedImporter/UnityEditor.QuickSearchModule:UnityEditor.Search:ASIAI0B
Importing 'GUID: ae87256f29d9c8b50490f4caf75b2c41 - Path: Packages/com.unity.modules.unitywebrequestwww/package.ModuleCompilationTrigger - Importer: ScriptedImporter/UnityEditor.QuickSearchModule:UnityEditor.Search:ASIAI0B' with importer (ScriptedImporter : UnityEditor.QuickSearchModule:UnityEditor.Search:ASIAI0B)
Imported 'GUID: ae87256f29d9c8b50490f4caf75b2c41' -> (Import Result ID: '5a88a09239b14545ea3582e85433c87e') in 0.003 seconds [static and dynamic dependencies]. Details - ImportResultOutputID=7d52bf71ee1b5b6747ca73133d77537d DependenciesID=a4724231bff4bd3b787a5bac5bf979e0 StaticDependenciesID=437a9f907ef2a846d8f3b099ac4c551c 
Number of updated asset objects reloaded before import = 0
Number of asset objects unloaded after import = 1
========================================================================
Received Import Request.
  Time of request: 2026-08-17T11:23:06.942804Z
  Time since last request: 0.0003117 seconds.
  importAddress: GUID: 676a3852811f4199813ce7f6dbac6880 - Path: Packages/com.unity.multiplayer.center/Editor/Features/PackageManagement.cs - Importer: ScriptedImporter/UnityEditor.QuickSearchModule:UnityEditor.Search:ASIAI0B
Importing 'GUID: 676a3852811f4199813ce7f6dbac6880 - Path: Packages/com.unity.multiplayer.center/Editor/Features/PackageManagement.cs - Importer: ScriptedImporter/UnityEditor.QuickSearchModule:UnityEditor.Search:ASIAI0B' with importer (ScriptedImporter : UnityEditor.QuickSearchModule:UnityEditor.Search:ASIAI0B)
Imported 'GUID: 676a3852811f4199813ce7f6dbac6880' -> (Import Result ID: 'fbce2b3356d3385d894cdbc4ffa141e1') in 0.002 seconds [static and dynamic dependencies]. Details - ImportResultOutputID=e3cf015f915276cd19f8641c20a53890 DependenciesID=20b83bab8845f56ba78a8b42f0e4a595 StaticDependenciesID=f714e5596de0fff63bb6e57d758d1a48 
Number of updated asset objects reloaded before import = 0
Number of asset objects unloaded after import = 0
========================================================================
Received Import Request.
  Time of request: 2026-08-17T11:23:06.9455062Z
  Time since last request: 0.0002156 seconds.
  importAddress: GUID: 052c764978664486a9c04518899ddf57 - Path: Packages/com.unity.multiplayer.center/Editor/MultiplayerCenterWindow/RecommendationTabView.cs - Importer: ScriptedImporter/UnityEditor.QuickSearchModule:UnityEditor.Search:ASIAI0B
Importing 'GUID: 052c764978664486a9c04518899ddf57 - Path: Packages/com.unity.multiplayer.center/Editor/MultiplayerCenterWindow/RecommendationTabView.cs - Importer: ScriptedImporter/UnityEditor.QuickSearchModule:UnityEditor.Search:ASIAI0B' with importer (ScriptedImporter : UnityEditor.QuickSearchModule:UnityEditor.Search:ASIAI0B)
Imported 'GUID: 052c764978664486a9c04518899ddf57' -> (Import Result ID: '7002fc49523b73acd85b4c432b251cb1') in 0.002 seconds [static and dynamic dependencies]. Details - ImportResultOutputID=ce1dc117b50f66799a37265528167a7d DependenciesID=40427277577a9678f97b841c5da384ff StaticDependenciesID=691aaa675ebd5e608716caa3b785e51d 
Number of updated asset objects reloaded before import = 0
Number of asset objects unloaded after import = 0
========================================================================
Received Import Request.
  Time of request: 2026-08-17T11:23:06.9481305Z
  Time since last request: 0.0001745 seconds.
  importAddress: GUID: a31a332ce3485f00f7df8d987302a29c - Path: Packages/com.unity.modules.unitywebrequesttexture/package.ModuleCompilationTrigger - Importer: ScriptedImporter/UnityEditor.QuickSearchModule:UnityEditor.Search:ASIAI0B
Importing 'GUID: a31a332ce3485f00f7df8d987302a29c - Path: Packages/com.unity.modules.unitywebrequesttexture/package.ModuleCompilationTrigger - Importer: ScriptedImporter/UnityEditor.QuickSearchModule:UnityEditor.Search:ASIAI0B' with importer (ScriptedImporter : UnityEditor.QuickSearchModule:UnityEditor.Search:ASIAI0B)
Imported 'GUID: a31a332ce3485f00f7df8d987302a29c' -> (Import Result ID: '0553cee1228c6246a8eb3aec9fa4f9ec') in 0.002 seconds [static and dynamic dependencies]. Details - ImportResultOutputID=af1b9d1fa7ca98d37293b8ee8d5eb14a DependenciesID=57b51da99129750b2d975a155538a8c4 StaticDependenciesID=55dd8749b9f6530e7d2c275e03594a2a 
Number of updated asset objects reloaded before import = 0
Number of asset objects unloaded after import = 1
========================================================================
Received Import Request.
  Time of request: 2026-08-17T11:23:06.9502631Z
  Time since last request: 0.0001838 seconds.
  importAddress: GUID: d1084186a4004823abee9b87c8ddf198 - Path: Packages/com.unity.multiplayer.center/Editor/MultiplayerCenterWindow/RecommendationViewBottomBar.cs - Importer: ScriptedImporter/UnityEditor.QuickSearchModule:UnityEditor.Search:ASIAI0B
Importing 'GUID: d1084186a4004823abee9b87c8ddf198 - Path: Packages/com.unity.multiplayer.center/Editor/MultiplayerCenterWindow/RecommendationViewBottomBar.cs - Importer: ScriptedImporter/UnityEditor.QuickSearchModule:UnityEditor.Search:ASIAI0B' with importer (ScriptedImporter : UnityEditor.QuickSearchModule:UnityEditor.Search:ASIAI0B)
Imported 'GUID: d1084186a4004823abee9b87c8ddf198' -> (Import Result ID: '8c5ea75fe54e6ea8fc7e4b20659e725e') in 0.002 seconds [static and dynamic dependencies]. Details - ImportResultOutputID=4d855d55f9e8e96d89b319f8b0d4a9dd DependenciesID=45c105716ccbb34ff68ca2530e951116 StaticDependenciesID=17d0a1631d1dc741c13b832a73b7923e 
Number of updated asset objects reloaded before import = 0
Number of asset objects unloaded after import = 0
========================================================================
Received Import Request.
  Time of request: 2026-08-17T11:23:06.9526818Z
  Time since last request: 0.0002384 seconds.
  importAddress: GUID: d85e5eeaf8f135aeaaebdc8aa3cff6c3 - Path: Packages/com.unity.modules.umbra/package.json - Importer: ScriptedImporter/UnityEditor.QuickSearchModule:UnityEditor.Search:ASIAI0B
Importing 'GUID: d85e5eeaf8f135aeaaebdc8aa3cff6c3 - Path: Packages/com.unity.modules.umbra/package.json - Importer: ScriptedImporter/UnityEditor.QuickSearchModule:UnityEditor.Search:ASIAI0B' with importer (ScriptedImporter : UnityEditor.QuickSearchModule:UnityEditor.Search:ASIAI0B)
Imported 'GUID: d85e5eeaf8f135aeaaebdc8aa3cff6c3' -> (Import Result ID: 'fa45d250d8113f1c6ce89b2b86344b37') in 0.009 seconds [static and dynamic dependencies]. Details - ImportResultOutputID=823d084cabd55b1be12e0ff89da19fc8 DependenciesID=fb3a28d7ec52f4aa1a43773ce2adf886 StaticDependenciesID=d564d22e891be9a9233c184ec3bf528a 
Number of updated asset objects reloaded before import = 0
Number of asset objects unloaded after import = 1
========================================================================
Received Import Request.
  Time of request: 2026-08-17T11:23:06.962463Z
  Time since last request: 0.0002173 seconds.
  importAddress: GUID: 84abd2ab34a74600a33a3bb9d72859fe - Path: Packages/com.unity.multiplayer.center/Common/Unity.Multiplayer.Center.Common.asmdef - Importer: ScriptedImporter/UnityEditor.QuickSearchModule:UnityEditor.Search:ASIAI0B
Importing 'GUID: 84abd2ab34a74600a33a3bb9d72859fe - Path: Packages/com.unity.multiplayer.center/Common/Unity.Multiplayer.Center.Common.asmdef - Importer: ScriptedImporter/UnityEditor.QuickSearchModule:UnityEditor.Search:ASIAI0B' with importer (ScriptedImporter : UnityEditor.QuickSearchModule:UnityEditor.Search:ASIAI0B)
Imported 'GUID: 84abd2ab34a74600a33a3bb9d72859fe' -> (Import Result ID: '626f07b2475f9ad6f34aeaac301f0d41') in 0.011 seconds [static and dynamic dependencies]. Details - ImportResultOutputID=5a159526919dc7fb990a54dce03469d5 DependenciesID=da4a3a2f794d389b2b0f1fcf51069ac4 StaticDependenciesID=10e8e2f9e4322071dfeb7039df429088 
Number of updated asset objects reloaded before import = 0
Number of asset objects unloaded after import = 1
========================================================================
Received Import Request.
  Time of request: 2026-08-17T11:23:06.9738649Z
  Time since last request: 0.0002264 seconds.
  importAddress: GUID: 4b518b37798c97b0f860962cbf615533 - Path: Packages/com.unity.modules.unitywebrequestaudio/package.json - Importer: ScriptedImporter/UnityEditor.QuickSearchModule:UnityEditor.Search:ASIAI0B
Importing 'GUID: 4b518b37798c97b0f860962cbf615533 - Path: Packages/com.unity.modules.unitywebrequestaudio/package.json - Importer: ScriptedImporter/UnityEditor.QuickSearchModule:UnityEditor.Search:ASIAI0B' with importer (ScriptedImporter : UnityEditor.QuickSearchModule:UnityEditor.Search:ASIAI0B)
Imported 'GUID: 4b518b37798c97b0f860962cbf615533' -> (Import Result ID: '13aa1d6470d4ff2f11c1bf999373d0c2') in 0.011 seconds [static and dynamic dependencies]. Details - ImportResultOutputID=e1995bd05cfcab21a8fa0efee4473da4 DependenciesID=ebde22b490ce85aaeb98add396715272 StaticDependenciesID=fde15cf59b19d28a3075a830186e59b9 
Number of updated asset objects reloaded before import = 0
Number of asset objects unloaded after import = 1
========================================================================
Received Import Request.
  Time of request: 2026-08-17T11:23:06.9857732Z
  Time since last request: 0.0003406 seconds.
  importAddress: GUID: ec737041edec4a5b93f7953a6ffe9f06 - Path: Packages/com.unity.multiplayer.center/Common/SelectedSolutionsData.cs - Importer: ScriptedImporter/UnityEditor.QuickSearchModule:UnityEditor.Search:ASIAI0B
Importing 'GUID: ec737041edec4a5b93f7953a6ffe9f06 - Path: Packages/com.unity.multiplayer.center/Common/SelectedSolutionsData.cs - Importer: ScriptedImporter/UnityEditor.QuickSearchModule:UnityEditor.Search:ASIAI0B' with importer (ScriptedImporter : UnityEditor.QuickSearchModule:UnityEditor.Search:ASIAI0B)
Imported 'GUID: ec737041edec4a5b93f7953a6ffe9f06' -> (Import Result ID: '88cdbe272760304e02f9694d47e1c648') in 0.003 seconds [static and dynamic dependencies]. Details - ImportResultOutputID=91f0e4af8f8c586f4e8d4c5e2015f68f DependenciesID=a7996a0731b420d7b2ad6083ff3f1662 StaticDependenciesID=1a95b267593e5c71e03af3fb8924576e 
Number of updated asset objects reloaded before import = 0
Number of asset objects unloaded after import = 0
========================================================================
Received Import Request.
  Time of request: 2026-08-17T11:23:06.9891731Z
  Time since last request: 0.0002588 seconds.
  importAddress: GUID: b5930dbc378b45d406aeb881f06b6dfa - Path: Packages/com.unity.modules.physicscore2d/package.json - Importer: ScriptedImporter/UnityEditor.QuickSearchModule:UnityEditor.Search:ASIAI0B
Importing 'GUID: b5930dbc378b45d406aeb881f06b6dfa - Path: Packages/com.unity.modules.physicscore2d/package.json - Importer: ScriptedImporter/UnityEditor.QuickSearchModule:UnityEditor.Search:ASIAI0B' with importer (ScriptedImporter : UnityEditor.QuickSearchModule:UnityEditor.Search:ASIAI0B)
Imported 'GUID: b5930dbc378b45d406aeb881f06b6dfa' -> (Import Result ID: '66afff68c76256088b51c6e032ebecd3') in 0.010 seconds [static and dynamic dependencies]. Details - ImportResultOutputID=2d97afdd7aa20642e165da85117c903c DependenciesID=5f7a69b6b794b159e1fac9591a70aac9 StaticDependenciesID=9e8d9e85315e742368381eb6767ae395 
Number of updated asset objects reloaded before import = 0
Number of asset objects unloaded after import = 1
========================================================================
Received Import Request.
  Time of request: 2026-08-17T11:23:06.999419Z
  Time since last request: 0.0002309 seconds.
  importAddress: GUID: a1c42005fe7c5d78585a77ce396a5eea - Path: Packages/com.unity.modules.tilemap/package.ModuleCompilationTrigger - Importer: ScriptedImporter/UnityEditor.QuickSearchModule:UnityEditor.Search:ASIAI0B
Importing 'GUID: a1c42005fe7c5d78585a77ce396a5eea - Path: Packages/com.unity.modules.tilemap/package.ModuleCompilationTrigger - Importer: ScriptedImporter/UnityEditor.QuickSearchModule:UnityEditor.Search:ASIAI0B' with importer (ScriptedImporter : UnityEditor.QuickSearchModule:UnityEditor.Search:ASIAI0B)
Imported 'GUID: a1c42005fe7c5d78585a77ce396a5eea' -> (Import Result ID: 'abbd966cb7427cfb2cd25bd5da36be4a') in 0.002 seconds [static and dynamic dependencies]. Details - ImportResultOutputID=c5b18e66db3cf49db27733539c9d6b6b DependenciesID=8f33e9e1dfb421697b03bfae3e7430b0 StaticDependenciesID=6b24b6182ee74f833622d98f7f941e5b 
Number of updated asset objects reloaded before import = 0
Number of asset objects unloaded after import = 1
========================================================================
Received Import Request.
  Time of request: 2026-08-17T11:23:07.0017505Z
  Time since last request: 0.0001621 seconds.
  importAddress: GUID: e9faa4a7023c43c5805642250c703f48 - Path: Packages/com.unity.multiplayer.center/Editor/Analytics/OnboardingSectionAnalyticsProvider.cs - Importer: ScriptedImporter/UnityEditor.QuickSearchModule:UnityEditor.Search:ASIAI0B
Importing 'GUID: e9faa4a7023c43c5805642250c703f48 - Path: Packages/com.unity.multiplayer.center/Editor/Analytics/OnboardingSectionAnalyticsProvider.cs - Importer: ScriptedImporter/UnityEditor.QuickSearchModule:UnityEditor.Search:ASIAI0B' with importer (ScriptedImporter : UnityEditor.QuickSearchModule:UnityEditor.Search:ASIAI0B)
Imported 'GUID: e9faa4a7023c43c5805642250c703f48' -> (Import Result ID: 'e42fa05466d7c9440edd0642b1a16eb7') in 0.002 seconds [static and dynamic dependencies]. Details - ImportResultOutputID=af75fa2e7a729863a08105f10ee7bd4f DependenciesID=f16780c00758822bca001217acb7000a StaticDependenciesID=f6db59a54f3f0bdad0e550bfc931882d 
Number of updated asset objects reloaded before import = 0
Number of asset objects unloaded after import = 0
========================================================================
Received Import Request.
  Time of request: 2026-08-17T11:23:07.0046051Z
  Time since last request: 0.0002518 seconds.
  importAddress: GUID: fcbb62ff857b4cf49e74f5f9aca6e8d6 - Path: Packages/com.unity.multiplayer.center/Editor/OnBoarding/SectionsFinder.cs - Importer: ScriptedImporter/UnityEditor.QuickSearchModule:UnityEditor.Search:ASIAI0B
Importing 'GUID: fcbb62ff857b4cf49e74f5f9aca6e8d6 - Path: Packages/com.unity.multiplayer.center/Editor/OnBoarding/SectionsFinder.cs - Importer: ScriptedImporter/UnityEditor.QuickSearchModule:UnityEditor.Search:ASIAI0B' with importer (ScriptedImporter : UnityEditor.QuickSearchModule:UnityEditor.Search:ASIAI0B)
Imported 'GUID: fcbb62ff857b4cf49e74f5f9aca6e8d6' -> (Import Result ID: '6793a3cf00147ebec4ad3f3e8e70b0ca') in 0.004 seconds [static and dynamic dependencies]. Details - ImportResultOutputID=7e8c423eda707d5f033b35a2b5b4a0e6 DependenciesID=4906c8633aac76ea55edccf0f3087fc9 StaticDependenciesID=f60bcf4ea36dafd1421e7f655d485025 
Number of updated asset objects reloaded before import = 0
Number of asset objects unloaded after import = 0
========================================================================
Received Import Request.
  Time of request: 2026-08-17T11:23:07.0084832Z
  Time since last request: 0.0002393 seconds.
  importAddress: GUID: cbb1a39d56ce4d9ac1a46ac505893fa7 - Path: Packages/com.unity.modules.terrainphysics/package.ModuleCompilationTrigger - Importer: ScriptedImporter/UnityEditor.QuickSearchModule:UnityEditor.Search:ASIAI0B
Importing 'GUID: cbb1a39d56ce4d9ac1a46ac505893fa7 - Path: Packages/com.unity.modules.terrainphysics/package.ModuleCompilationTrigger - Importer: ScriptedImporter/UnityEditor.QuickSearchModule:UnityEditor.Search:ASIAI0B' with importer (ScriptedImporter : UnityEditor.QuickSearchModule:UnityEditor.Search:ASIAI0B)
Imported 'GUID: cbb1a39d56ce4d9ac1a46ac505893fa7' -> (Import Result ID: 'd3d1df611a2588879d2c06402d362bbd') in 0.002 seconds [static and dynamic dependencies]. Details - ImportResultOutputID=b15606d175a5139e58aafb24e360adf4 DependenciesID=d04625a47c2a94faae48278c165b1449 StaticDependenciesID=a72dd1b071fbac5615e5c68ddf0e0493 
Number of updated asset objects reloaded before import = 0
Number of asset objects unloaded after import = 1
========================================================================
Received Import Request.
  Time of request: 2026-08-17T11:23:07.0107584Z
  Time since last request: 0.0001457 seconds.
  importAddress: GUID: cd561f5f687aed43bf280c27a84f79e3 - Path: Packages/com.unity.modules.screencapture/package.ModuleCompilationTrigger - Importer: ScriptedImporter/UnityEditor.QuickSearchModule:UnityEditor.Search:ASIAI0B
Importing 'GUID: cd561f5f687aed43bf280c27a84f79e3 - Path: Packages/com.unity.modules.screencapture/package.ModuleCompilationTrigger - Importer: ScriptedImporter/UnityEditor.QuickSearchModule:UnityEditor.Search:ASIAI0B' with importer (ScriptedImporter : UnityEditor.QuickSearchModule:UnityEditor.Search:ASIAI0B)
Imported 'GUID: cd561f5f687aed43bf280c27a84f79e3' -> (Import Result ID: '19df0dc596c2c0fa694226dc7c464675') in 0.002 seconds [static and dynamic dependencies]. Details - ImportResultOutputID=f4c2bdc10944939a8914ce12d16dff58 DependenciesID=a8786e610df7666dca5d8fbe81233a60 StaticDependenciesID=462d53b40b3e1138d927b024815499b9 
Number of updated asset objects reloaded before import = 0
Number of asset objects unloaded after import = 1
========================================================================
Received Import Request.
  Time of request: 2026-08-17T11:23:07.0129902Z
  Time since last request: 0.000189 seconds.
  importAddress: GUID: 1b6246f2248883964991eac9e9b4817c - Path: Packages/com.unity.modules.umbra/package.ModuleCompilationTrigger - Importer: ScriptedImporter/UnityEditor.QuickSearchModule:UnityEditor.Search:ASIAI0B
Importing 'GUID: 1b6246f2248883964991eac9e9b4817c - Path: Packages/com.unity.modules.umbra/package.ModuleCompilationTrigger - Importer: ScriptedImporter/UnityEditor.QuickSearchModule:UnityEditor.Search:ASIAI0B' with importer (ScriptedImporter : UnityEditor.QuickSearchModule:UnityEditor.Search:ASIAI0B)
Imported 'GUID: 1b6246f2248883964991eac9e9b4817c' -> (Import Result ID: '4e0f72d761bc02f9097ee2870dce0806') in 0.002 seconds [static and dynamic dependencies]. Details - ImportResultOutputID=822ab29c1767c31feb0909fa706ba64a DependenciesID=9279a21be1e1edb4ab0f880ec58fd2e8 StaticDependenciesID=e06c91cb5e498cfc7dc997e5d37f5dba 
Number of updated asset objects reloaded before import = 0
Number of asset objects unloaded after import = 1
========================================================================
Received Import Request.
  Time of request: 2026-08-17T11:23:07.0152885Z
  Time since last request: 0.0001908 seconds.
  importAddress: GUID: c8f6fa942856442b8bd72594d3ce7363 - Path: Packages/com.unity.multiplayer.center/Third Party Notices.md - Importer: ScriptedImporter/UnityEditor.QuickSearchModule:UnityEditor.Search:ASIAI0B
Importing 'GUID: c8f6fa942856442b8bd72594d3ce7363 - Path: Packages/com.unity.multiplayer.center/Third Party Notices.md - Importer: ScriptedImporter/UnityEditor.QuickSearchModule:UnityEditor.Search:ASIAI0B' with importer (ScriptedImporter : UnityEditor.QuickSearchModule:UnityEditor.Search:ASIAI0B)
Imported 'GUID: c8f6fa942856442b8bd72594d3ce7363' -> (Import Result ID: 'eb8519324fd294bc7427a6b8d2545db1') in 0.010 seconds [static and dynamic dependencies]. Details - ImportResultOutputID=a78dfa5f03521c4d7408e7184d1fc6d5 DependenciesID=0ed3cd84e58380d011b13caaf1f8a17b StaticDependenciesID=68a7a4c8a7d640afe17ecdfc6e8dbae9 
Number of updated asset objects reloaded before import = 0
Number of asset objects unloaded after import = 1
========================================================================
Received Import Request.
  Time of request: 2026-08-17T11:23:07.0260628Z
  Time since last request: 0.0002073 seconds.
  importAddress: GUID: 40bf3cec17fa0b49fe04443c8332d638 - Path: Packages/com.unity.modules.jsonserialize/package.json - Importer: ScriptedImporter/UnityEditor.QuickSearchModule:UnityEditor.Search:ASIAI0B
Importing 'GUID: 40bf3cec17fa0b49fe04443c8332d638 - Path: Packages/com.unity.modules.jsonserialize/package.json - Importer: ScriptedImporter/UnityEditor.QuickSearchModule:UnityEditor.Search:ASIAI0B' with importer (ScriptedImporter : UnityEditor.QuickSearchModule:UnityEditor.Search:ASIAI0B)
Imported 'GUID: 40bf3cec17fa0b49fe04443c8332d638' -> (Import Result ID: '92003e07bba353e4ae6a90f07aa473f5') in 0.011 seconds [static and dynamic dependencies]. Details - ImportResultOutputID=8251de1eb860acd273a9757139bb4d88 DependenciesID=d0daf1d207826f5b20178178a99c798e StaticDependenciesID=ceabe9db4a4183545e2bf3ec38ae2d39 
Number of updated asset objects reloaded before import = 0
Number of asset objects unloaded after import = 1
========================================================================
Received Import Request.
  Time of request: 2026-08-17T11:23:07.0376231Z
  Time since last request: 0.0002108 seconds.
  importAddress: GUID: 042dc296246916648e55a43d0eeb2036 - Path: Packages/com.unity.modules.audio/package.ModuleCompilationTrigger - Importer: ScriptedImporter/UnityEditor.QuickSearchModule:UnityEditor.Search:ASIAI0B
Importing 'GUID: 042dc296246916648e55a43d0eeb2036 - Path: Packages/com.unity.modules.audio/package.ModuleCompilationTrigger - Importer: ScriptedImporter/UnityEditor.QuickSearchModule:UnityEditor.Search:ASIAI0B' with importer (ScriptedImporter : UnityEditor.QuickSearchModule:UnityEditor.Search:ASIAI0B)
Imported 'GUID: 042dc296246916648e55a43d0eeb2036' -> (Import Result ID: '9084b44e294f71d279cc5436ec16f0af') in 0.003 seconds [static and dynamic dependencies]. Details - ImportResultOutputID=ecc44c547924e8c4dc0b01654a218943 DependenciesID=faf51ddfc74b8af0d8edc575e50a0ab7 StaticDependenciesID=ecad093def8bb1ef3867aead18dda637 
Number of updated asset objects reloaded before import = 0
Number of asset objects unloaded after import = 1
========================================================================
Received Import Request.
  Time of request: 2026-08-17T11:23:07.0407571Z
  Time since last request: 0.0002709 seconds.
  importAddress: GUID: d3cbe921f7b3d9a3257e7c61a5761796 - Path: Packages/com.unity.modules.terrainphysics/package.json - Importer: ScriptedImporter/UnityEditor.QuickSearchModule:UnityEditor.Search:ASIAI0B
Importing 'GUID: d3cbe921f7b3d9a3257e7c61a5761796 - Path: Packages/com.unity.modules.terrainphysics/package.json - Importer: ScriptedImporter/UnityEditor.QuickSearchModule:UnityEditor.Search:ASIAI0B' with importer (ScriptedImporter : UnityEditor.QuickSearchModule:UnityEditor.Search:ASIAI0B)
Imported 'GUID: d3cbe921f7b3d9a3257e7c61a5761796' -> (Import Result ID: '8e57c1a6955f011971c701785f894aed') in 0.015 seconds [static and dynamic dependencies]. Details - ImportResultOutputID=e5a9090c6b22b70d122f353751d7953d DependenciesID=d54718b71890fe20d03df3a863a49bcd StaticDependenciesID=be7ba782dbde81d6dd767a6d429c6c37 
Number of updated asset objects reloaded before import = 0
Number of asset objects unloaded after import = 1
========================================================================
Received Import Request.
  Time of request: 2026-08-17T11:23:07.0561379Z
  Time since last request: 0.0002491 seconds.
  importAddress: GUID: 14e86f88e9a8c9c448d7e7df92f2aeec - Path: Packages/com.unity.modules.physicscore2d/package.ModuleCompilationTrigger - Importer: ScriptedImporter/UnityEditor.QuickSearchModule:UnityEditor.Search:ASIAI0B
Importing 'GUID: 14e86f88e9a8c9c448d7e7df92f2aeec - Path: Packages/com.unity.modules.physicscore2d/package.ModuleCompilationTrigger - Importer: ScriptedImporter/UnityEditor.QuickSearchModule:UnityEditor.Search:ASIAI0B' with importer (ScriptedImporter : UnityEditor.QuickSearchModule:UnityEditor.Search:ASIAI0B)
Imported 'GUID: 14e86f88e9a8c9c448d7e7df92f2aeec' -> (Import Result ID: 'b0b8a1ab7cbfd33d0cfbd975e1ce7b86') in 0.002 seconds [static and dynamic dependencies]. Details - ImportResultOutputID=2b6adfbb373217ad26fc6dd29af6ac9f DependenciesID=d78a0c237cf18c554b598fc2a4dd8d52 StaticDependenciesID=e2874be0511683b2e3c8487c49d4b47e 
Number of updated asset objects reloaded before import = 0
Number of asset objects unloaded after import = 1
========================================================================
Received Import Request.
  Time of request: 2026-08-17T11:23:07.0588725Z
  Time since last request: 0.0002188 seconds.
  importAddress: GUID: 51566b3736df4282bbe76645014b0cc5 - Path: Packages/com.unity.multiplayer.center/Editor/AssemblyInfo.cs - Importer: ScriptedImporter/UnityEditor.QuickSearchModule:UnityEditor.Search:ASIAI0B
Importing 'GUID: 51566b3736df4282bbe76645014b0cc5 - Path: Packages/com.unity.multiplayer.center/Editor/AssemblyInfo.cs - Importer: ScriptedImporter/UnityEditor.QuickSearchModule:UnityEditor.Search:ASIAI0B' with importer (ScriptedImporter : UnityEditor.QuickSearchModule:UnityEditor.Search:ASIAI0B)
Imported 'GUID: 51566b3736df4282bbe76645014b0cc5' -> (Import Result ID: 'e4a818ec539c7d824207a3288e980ec7') in 0.002 seconds [static and dynamic dependencies]. Details - ImportResultOutputID=1619b84055db6257739a9cfdc2ac3c31 DependenciesID=3ee774c3f2caa827f0bc10e9dbbceceb StaticDependenciesID=991c344acc7b04b98731622b67447235 
Number of updated asset objects reloaded before import = 0
Number of asset objects unloaded after import = 0
========================================================================
Received Import Request.
  Time of request: 2026-08-17T11:23:07.0614464Z
  Time since last request: 0.0002272 seconds.
  importAddress: GUID: 4cee1dc929764056ac40ece91efef712 - Path: Packages/com.unity.multiplayer.center/Editor/Analytics/AnalyticsData.cs - Importer: ScriptedImporter/UnityEditor.QuickSearchModule:UnityEditor.Search:ASIAI0B
Importing 'GUID: 4cee1dc929764056ac40ece91efef712 - Path: Packages/com.unity.multiplayer.center/Editor/Analytics/AnalyticsData.cs - Importer: ScriptedImporter/UnityEditor.QuickSearchModule:UnityEditor.Search:ASIAI0B' with importer (ScriptedImporter : UnityEditor.QuickSearchModule:UnityEditor.Search:ASIAI0B)
Imported 'GUID: 4cee1dc929764056ac40ece91efef712' -> (Import Result ID: '1168434cfcd3d8528d978547b5ae86ff') in 0.002 seconds [static and dynamic dependencies]. Details - ImportResultOutputID=f89c75cc45f33578617be2656fbf6420 DependenciesID=7dce6b357387138a58f48c0050e8883d StaticDependenciesID=ccad821edb658c0038d705db00172a77 
Number of updated asset objects reloaded before import = 0
Number of asset objects unloaded after import = 0
========================================================================
Received Import Request.
  Time of request: 2026-08-17T11:23:07.0639419Z
  Time since last request: 0.0002248 seconds.
  importAddress: GUID: d0e3ad91972c66f5238f5b9b7d5ae58a - Path: Packages/com.unity.modules.unitywebrequesttexture/package.json - Importer: ScriptedImporter/UnityEditor.QuickSearchModule:UnityEditor.Search:ASIAI0B
Importing 'GUID: d0e3ad91972c66f5238f5b9b7d5ae58a - Path: Packages/com.unity.modules.unitywebrequesttexture/package.json - Importer: ScriptedImporter/UnityEditor.QuickSearchModule:UnityEditor.Search:ASIAI0B' with importer (ScriptedImporter : UnityEditor.QuickSearchModule:UnityEditor.Search:ASIAI0B)
Imported 'GUID: d0e3ad91972c66f5238f5b9b7d5ae58a' -> (Import Result ID: 'd329a8e2cd3e31225d27a24a9d76ae30') in 0.017 seconds [static and dynamic dependencies]. Details - ImportResultOutputID=b3a1faf52ddc0ee26709fee86b8a6ce4 DependenciesID=eec9777d1ed01f6a56731e28b475bc2b StaticDependenciesID=b69713d9e888d5e3c19063ff1908b9e0 
Number of updated asset objects reloaded before import = 0
Number of asset objects unloaded after import = 1
========================================================================
Received Import Request.
  Time of request: 2026-08-17T11:23:07.0814781Z
  Time since last request: 0.0002482 seconds.
  importAddress: GUID: 3bbd27b3dd7be4a74aeab8da6b0af5cc - Path: Packages/com.unity.multiplayer.center/CHANGELOG.md - Importer: ScriptedImporter/UnityEditor.QuickSearchModule:UnityEditor.Search:ASIAI0B
Importing 'GUID: 3bbd27b3dd7be4a74aeab8da6b0af5cc - Path: Packages/com.unity.multiplayer.center/CHANGELOG.md - Importer: ScriptedImporter/UnityEditor.QuickSearchModule:UnityEditor.Search:ASIAI0B' with importer (ScriptedImporter : UnityEditor.QuickSearchModule:UnityEditor.Search:ASIAI0B)
Imported 'GUID: 3bbd27b3dd7be4a74aeab8da6b0af5cc' -> (Import Result ID: 'b61425c774302fd43ff8089001cb2304') in 0.012 seconds [static and dynamic dependencies]. Details - ImportResultOutputID=6783c4566729d53a7b925add389be91c DependenciesID=857fb73b9271d3419556cb433f612284 StaticDependenciesID=83a06dd8920033ed46ac346590fd3dff 
Number of updated asset objects reloaded before import = 0
Number of asset objects unloaded after import = 1
========================================================================
Received Import Request.
  Time of request: 2026-08-17T11:23:07.0937124Z
  Time since last request: 0.0002219 seconds.
  importAddress: GUID: 42fe78c8fe682715a2cb531422e6ccb3 - Path: Packages/com.unity.modules.imgui/package.json - Importer: ScriptedImporter/UnityEditor.QuickSearchModule:UnityEditor.Search:ASIAI0B
Importing 'GUID: 42fe78c8fe682715a2cb531422e6ccb3 - Path: Packages/com.unity.modules.imgui/package.json - Importer: ScriptedImporter/UnityEditor.QuickSearchModule:UnityEditor.Search:ASIAI0B' with importer (ScriptedImporter : UnityEditor.QuickSearchModule:UnityEditor.Search:ASIAI0B)
Imported 'GUID: 42fe78c8fe682715a2cb531422e6ccb3' -> (Import Result ID: '200328cc3cb81ea28689b4fb2c9b378f') in 0.019 seconds [static and dynamic dependencies]. Details - ImportResultOutputID=f507a0b651212b019041284bc6ad6677 DependenciesID=e18d6a231667cfc3de68a34912b270d9 StaticDependenciesID=04f3d155746ab74f90d33f1309b9cd3b 
Number of updated asset objects reloaded before import = 0
Number of asset objects unloaded after import = 1
========================================================================
Received Import Request.
  Time of request: 2026-08-17T11:23:07.1131524Z
  Time since last request: 0.0002116 seconds.
  importAddress: GUID: dd20f32039084a12a8e48dffd4d58f48 - Path: Packages/com.unity.multiplayer.center/Editor/Analytics/DebugAnalytics.cs - Importer: ScriptedImporter/UnityEditor.QuickSearchModule:UnityEditor.Search:ASIAI0B
Importing 'GUID: dd20f32039084a12a8e48dffd4d58f48 - Path: Packages/com.unity.multiplayer.center/Editor/Analytics/DebugAnalytics.cs - Importer: ScriptedImporter/UnityEditor.QuickSearchModule:UnityEditor.Search:ASIAI0B' with importer (ScriptedImporter : UnityEditor.QuickSearchModule:UnityEditor.Search:ASIAI0B)
Imported 'GUID: dd20f32039084a12a8e48dffd4d58f48' -> (Import Result ID: '31bc3d3cafb24b5492778fd10b5f55af') in 0.002 seconds [static and dynamic dependencies]. Details - ImportResultOutputID=b594d448366820885e69e3ceba0f3d44 DependenciesID=315f8114095714e9fe2ee18520362805 StaticDependenciesID=8bac49e52ff77d061ffa2e91342259dc 
Number of updated asset objects reloaded before import = 0
Number of asset objects unloaded after import = 0
========================================================================
Received Import Request.
  Time of request: 2026-08-17T11:23:07.1160355Z
  Time since last request: 0.0002398 seconds.
  importAddress: GUID: e6a135e3ea9cb46795d1b0e05ac3e1e5 - Path: Packages/com.unity.modules.jsonserialize/package.ModuleCompilationTrigger - Importer: ScriptedImporter/UnityEditor.QuickSearchModule:UnityEditor.Search:ASIAI0B
Importing 'GUID: e6a135e3ea9cb46795d1b0e05ac3e1e5 - Path: Packages/com.unity.modules.jsonserialize/package.ModuleCompilationTrigger - Importer: ScriptedImporter/UnityEditor.QuickSearchModule:UnityEditor.Search:ASIAI0B' with importer (ScriptedImporter : UnityEditor.QuickSearchModule:UnityEditor.Search:ASIAI0B)
Imported 'GUID: e6a135e3ea9cb46795d1b0e05ac3e1e5' -> (Import Result ID: 'e4d7c0e7de42a29d0891e5043e6faa83') in 0.003 seconds [static and dynamic dependencies]. Details - ImportResultOutputID=356d4a0cb0732e6b5ff652647ec9c0ec DependenciesID=5ac7c139e0e90c65cee44a26f61a89f5 StaticDependenciesID=87cbc9f3f6f3ce3710a91df6a8119747 
Number of updated asset objects reloaded before import = 0
Number of asset objects unloaded after import = 1
========================================================================
Received Import Request.
  Time of request: 2026-08-17T11:23:07.1189727Z
  Time since last request: 0.0002003 seconds.
  importAddress: GUID: 71136fc5cf34f2cc10be0e33c0b08019 - Path: Packages/com.unity.modules.unityanalytics/package.ModuleCompilationTrigger - Importer: ScriptedImporter/UnityEditor.QuickSearchModule:UnityEditor.Search:ASIAI0B
Importing 'GUID: 71136fc5cf34f2cc10be0e33c0b08019 - Path: Packages/com.unity.modules.unityanalytics/package.ModuleCompilationTrigger - Importer: ScriptedImporter/UnityEditor.QuickSearchModule:UnityEditor.Search:ASIAI0B' with importer (ScriptedImporter : UnityEditor.QuickSearchModule:UnityEditor.Search:ASIAI0B)
Imported 'GUID: 71136fc5cf34f2cc10be0e33c0b08019' -> (Import Result ID: '9b1b77f25fca29bcde6acc334649d345') in 0.004 seconds [static and dynamic dependencies]. Details - ImportResultOutputID=052cb51049c4e910d7e8d36dbf7c9c93 DependenciesID=662bf0c514610421b38ae4fa030dd05e StaticDependenciesID=0271529bae90857a75e811db014e4bb8 
Number of updated asset objects reloaded before import = 0
Number of asset objects unloaded after import = 1
========================================================================
Received Import Request.
  Time of request: 2026-08-17T11:23:07.1229273Z
  Time since last request: 0.0002853 seconds.
  importAddress: GUID: 8bce0b24c28e45d884acfcf49a3b8945 - Path: Packages/com.unity.multiplayer.center/Editor/Analytics/MultiplayerCenterAnalyticsFactory.cs - Importer: ScriptedImporter/UnityEditor.QuickSearchModule:UnityEditor.Search:ASIAI0B
Importing 'GUID: 8bce0b24c28e45d884acfcf49a3b8945 - Path: Packages/com.unity.multiplayer.center/Editor/Analytics/MultiplayerCenterAnalyticsFactory.cs - Importer: ScriptedImporter/UnityEditor.QuickSearchModule:UnityEditor.Search:ASIAI0B' with importer (ScriptedImporter : UnityEditor.QuickSearchModule:UnityEditor.Search:ASIAI0B)
Imported 'GUID: 8bce0b24c28e45d884acfcf49a3b8945' -> (Import Result ID: '60b6f05b39cdc5feefef0e83900c12d7') in 0.003 seconds [static and dynamic dependencies]. Details - ImportResultOutputID=f6eb6b8d95a66ab028fe6102b9be539f DependenciesID=2b6b1318736b4e6b616620821fffc30e StaticDependenciesID=104d2717fe28c015b04cac33aaf49a7c 
Number of updated asset objects reloaded before import = 0
Number of asset objects unloaded after import = 0
========================================================================
Received Import Request.
  Time of request: 2026-08-17T11:23:07.1259488Z
  Time since last request: 0.0002278 seconds.
  importAddress: GUID: fa27413e9edb06a6058d6c894eca0338 - Path: Packages/com.unity.modules.unitywebrequestwww/package.json - Importer: ScriptedImporter/UnityEditor.QuickSearchModule:UnityEditor.Search:ASIAI0B
Importing 'GUID: fa27413e9edb06a6058d6c894eca0338 - Path: Packages/com.unity.modules.unitywebrequestwww/package.json - Importer: ScriptedImporter/UnityEditor.QuickSearchModule:UnityEditor.Search:ASIAI0B' with importer (ScriptedImporter : UnityEditor.QuickSearchModule:UnityEditor.Search:ASIAI0B)
Imported 'GUID: fa27413e9edb06a6058d6c894eca0338' -> (Import Result ID: '5868b55626766fd1802be7150649deb2') in 0.020 seconds [static and dynamic dependencies]. Details - ImportResultOutputID=d67bf8b010804bbf90b499b121669a0e DependenciesID=b75adfcc1ad0489cd2e36d2d23ce5cc2 StaticDependenciesID=689a006160365d60b7d0386c8c5eea52 
Number of updated asset objects reloaded before import = 0
Number of asset objects unloaded after import = 1
========================================================================
Received Import Request.
  Time of request: 2026-08-17T11:23:07.1462991Z
  Time since last request: 0.0002115 seconds.
  importAddress: GUID: d2c2caab1f2642afa6c07dec054fd34f - Path: Packages/com.unity.multiplayer.center/Editor/OnBoarding/GettingStartedTabView.cs - Importer: ScriptedImporter/UnityEditor.QuickSearchModule:UnityEditor.Search:ASIAI0B
Importing 'GUID: d2c2caab1f2642afa6c07dec054fd34f - Path: Packages/com.unity.multiplayer.center/Editor/OnBoarding/GettingStartedTabView.cs - Importer: ScriptedImporter/UnityEditor.QuickSearchModule:UnityEditor.Search:ASIAI0B' with importer (ScriptedImporter : UnityEditor.QuickSearchModule:UnityEditor.Search:ASIAI0B)
Imported 'GUID: d2c2caab1f2642afa6c07dec054fd34f' -> (Import Result ID: '3e4a75abd4e63861a65fc4563e7bbb30') in 0.004 seconds [static and dynamic dependencies]. Details - ImportResultOutputID=acfb78f495982e0b2c548f65b38c91a4 DependenciesID=1d0ea30d11e20e02de904cfae0ca20b2 StaticDependenciesID=fe4654cadc712ccf90d896f5f0e5fb64 
Number of updated asset objects reloaded before import = 0
Number of asset objects unloaded after import = 0
========================================================================
Received Import Request.
  Time of request: 2026-08-17T11:23:07.1502198Z
  Time since last request: 0.0002363 seconds.
  importAddress: GUID: 322b0121d39f45208a3d933e6926a9d8 - Path: Packages/com.unity.multiplayer.center/Editor/OnBoarding/QuickstartPackageHandling.cs - Importer: ScriptedImporter/UnityEditor.QuickSearchModule:UnityEditor.Search:ASIAI0B
Importing 'GUID: 322b0121d39f45208a3d933e6926a9d8 - Path: Packages/com.unity.multiplayer.center/Editor/OnBoarding/QuickstartPackageHandling.cs - Importer: ScriptedImporter/UnityEditor.QuickSearchModule:UnityEditor.Search:ASIAI0B' with importer (ScriptedImporter : UnityEditor.QuickSearchModule:UnityEditor.Search:ASIAI0B)
Imported 'GUID: 322b0121d39f45208a3d933e6926a9d8' -> (Import Result ID: '29dc2a97a99efb289d55a26a8dd5a23b') in 0.003 seconds [static and dynamic dependencies]. Details - ImportResultOutputID=2f414122e038cd5819aa2ae09f759dd0 DependenciesID=07fb9ab1c926ad1853f3d40c6a09328e StaticDependenciesID=ea30257ff9dc3b07aa9383d9cffff8a1 
Number of updated asset objects reloaded before import = 0
Number of asset objects unloaded after import = 0
========================================================================
Received Import Request.
  Time of request: 2026-08-17T11:23:07.1532798Z
  Time since last request: 0.0003567 seconds.
  importAddress: GUID: 26a4f29db434fd79025c91f6126382cc - Path: Packages/com.unity.modules.unityanalytics/package.json - Importer: ScriptedImporter/UnityEditor.QuickSearchModule:UnityEditor.Search:ASIAI0B
Importing 'GUID: 26a4f29db434fd79025c91f6126382cc - Path: Packages/com.unity.modules.unityanalytics/package.json - Importer: ScriptedImporter/UnityEditor.QuickSearchModule:UnityEditor.Search:ASIAI0B' with importer (ScriptedImporter : UnityEditor.QuickSearchModule:UnityEditor.Search:ASIAI0B)
Imported 'GUID: 26a4f29db434fd79025c91f6126382cc' -> (Import Result ID: '73dea9039faa38d72ecd255a3ad87ac6') in 0.012 seconds [static and dynamic dependencies]. Details - ImportResultOutputID=6a25ed42d5e06eb054404eb6a5e5d9b6 DependenciesID=c61f670adc8b8b1ecfbd931dd93d2d1e StaticDependenciesID=0ee351d5a59e840f14d6becfb44f445b 
Number of updated asset objects reloaded before import = 0
Number of asset objects unloaded after import = 1
========================================================================
Received Import Request.
  Time of request: 2026-08-17T11:23:07.1654192Z
  Time since last request: 0.0002194 seconds.
  importAddress: GUID: 7e006510f5f4425ca971c7de0bfbb77a - Path: Packages/com.unity.multiplayer.center/Editor/MultiplayerCenterWindow/MultiplayerCenterWindow.cs - Importer: ScriptedImporter/UnityEditor.QuickSearchModule:UnityEditor.Search:ASIAI0B
Importing 'GUID: 7e006510f5f4425ca971c7de0bfbb77a - Path: Packages/com.unity.multiplayer.center/Editor/MultiplayerCenterWindow/MultiplayerCenterWindow.cs - Importer: ScriptedImporter/UnityEditor.QuickSearchModule:UnityEditor.Search:ASIAI0B' with importer (ScriptedImporter : UnityEditor.QuickSearchModule:UnityEditor.Search:ASIAI0B)
Imported 'GUID: 7e006510f5f4425ca971c7de0bfbb77a' -> (Import Result ID: '56cbbc93b54486e1b9ccb48718b6ff8f') in 0.002 seconds [static and dynamic dependencies]. Details - ImportResultOutputID=64cfd4b6177291c5e17eba06d7f4c136 DependenciesID=bc13ea5c9e7dcb473ebcc65be43de8de StaticDependenciesID=3d9824687e6b8fb4c476245560678a0b 
Number of updated asset objects reloaded before import = 0
Number of asset objects unloaded after import = 0
========================================================================
Received Import Request.
  Time of request: 2026-08-17T11:23:07.1678877Z
  Time since last request: 0.0002216 seconds.
  importAddress: GUID: fdefed6b790f4373b0feb7d25854d8ac - Path: Packages/com.unity.multiplayer.center/Editor/MultiplayerCenterWindow/TabGroup.cs - Importer: ScriptedImporter/UnityEditor.QuickSearchModule:UnityEditor.Search:ASIAI0B
Importing 'GUID: fdefed6b790f4373b0feb7d25854d8ac - Path: Packages/com.unity.multiplayer.center/Editor/MultiplayerCenterWindow/TabGroup.cs - Importer: ScriptedImporter/UnityEditor.QuickSearchModule:UnityEditor.Search:ASIAI0B' with importer (ScriptedImporter : UnityEditor.QuickSearchModule:UnityEditor.Search:ASIAI0B)
Imported 'GUID: fdefed6b790f4373b0feb7d25854d8ac' -> (Import Result ID: '1470b8e5f280d19e00c2edca48826349') in 0.002 seconds [static and dynamic dependencies]. Details - ImportResultOutputID=53fc41d641f3546cc13a74035fc42569 DependenciesID=8ec8ad1a2235ac93153e4ccda2c33790 StaticDependenciesID=06c14151fc85da36fc200e81b484518a 
Number of updated asset objects reloaded before import = 0
Number of asset objects unloaded after import = 0
========================================================================
Received Import Request.
  Time of request: 2026-08-17T11:23:07.1703864Z
  Time since last request: 0.0003021 seconds.
  importAddress: GUID: 92a378669877c05c6071d0fed687bb95 - Path: Packages/com.unity.modules.tilemap/package.json - Importer: ScriptedImporter/UnityEditor.QuickSearchModule:UnityEditor.Search:ASIAI0B
Importing 'GUID: 92a378669877c05c6071d0fed687bb95 - Path: Packages/com.unity.modules.tilemap/package.json - Importer: ScriptedImporter/UnityEditor.QuickSearchModule:UnityEditor.Search:ASIAI0B' with importer (ScriptedImporter : UnityEditor.QuickSearchModule:UnityEditor.Search:ASIAI0B)
Imported 'GUID: 92a378669877c05c6071d0fed687bb95' -> (Import Result ID: 'fae7eaac454f96b32cd59965b565a8a5') in 0.012 seconds [static and dynamic dependencies]. Details - ImportResultOutputID=e09907c0d7ece815f77724898fd45edf DependenciesID=d143917abfed2b763dcea01b195ccf9c StaticDependenciesID=acc6563d362951178245b08d3f9d82ae 
Number of updated asset objects reloaded before import = 0
Number of asset objects unloaded after import = 1
========================================================================
Received Import Request.
  Time of request: 2026-08-17T11:23:07.1949772Z
  Time since last request: 0.0127358 seconds.
  importAddress: GUID: 157e1606dfbd48dda6f01acbf49435b0 - Path: Packages/com.unity.multiplayer.center/Editor/MultiplayerCenterWindow/UI/QuestionSection.cs - Importer: ScriptedImporter/UnityEditor.QuickSearchModule:UnityEditor.Search:ASIAI0B
Importing 'GUID: 157e1606dfbd48dda6f01acbf49435b0 - Path: Packages/com.unity.multiplayer.center/Editor/MultiplayerCenterWindow/UI/QuestionSection.cs - Importer: ScriptedImporter/UnityEditor.QuickSearchModule:UnityEditor.Search:ASIAI0B' with importer (ScriptedImporter : UnityEditor.QuickSearchModule:UnityEditor.Search:ASIAI0B)
Imported 'GUID: 157e1606dfbd48dda6f01acbf49435b0' -> (Import Result ID: 'ce4b50be6e2881264458d28c19eb3cb7') in 0.002 seconds [static and dynamic dependencies]. Details - ImportResultOutputID=16c696114a4d19c27ea59adf49360c5d DependenciesID=056628ff52856f35885e9d72eaad8d40 StaticDependenciesID=af4b3f2c0b3a3fb8512fe985b05e4e6e 
Number of updated asset objects reloaded before import = 0
Number of asset objects unloaded after import = 0
========================================================================
Received Import Request.
  Time of request: 2026-08-17T11:23:07.1976435Z
  Time since last request: 0.0002704 seconds.
  importAddress: GUID: 525a6cca8dd9a4d28875a8fe824710d9 - Path: Packages/com.unity.multiplayer.center/Editor/MultiplayerCenterWindow/UI/Icons/d_Package.png - Importer: ScriptedImporter/UnityEditor.QuickSearchModule:UnityEditor.Search:ASIAI0B
Importing 'GUID: 525a6cca8dd9a4d28875a8fe824710d9 - Path: Packages/com.unity.multiplayer.center/Editor/MultiplayerCenterWindow/UI/Icons/d_Package.png - Importer: ScriptedImporter/UnityEditor.QuickSearchModule:UnityEditor.Search:ASIAI0B' with importer (ScriptedImporter : UnityEditor.QuickSearchModule:UnityEditor.Search:ASIAI0B)
Imported 'GUID: 525a6cca8dd9a4d28875a8fe824710d9' -> (Import Result ID: '50a72b91d80a8ad569f9ce6b1e4fb579') in 0.045 seconds [static and dynamic dependencies]. Details - ImportResultOutputID=2eadfa98ea9b29fd336377d590284e1b DependenciesID=897d635fd5054625c92b2367ae2be3f3 StaticDependenciesID=5416d9e8c5a79c4b56b91b3e674d8e70 
Number of updated asset objects reloaded before import = 0
Number of asset objects unloaded after import = 1
========================================================================
Received Import Request.
  Time of request: 2026-08-17T11:23:07.2432678Z
  Time since last request: 0.0002189 seconds.
  importAddress: GUID: ca560c7d2a0d4453a50ec4f704ce9ce1 - Path: Packages/com.unity.multiplayer.center/Tests/Editor/UtilsForRecommendationTests.cs - Importer: ScriptedImporter/UnityEditor.QuickSearchModule:UnityEditor.Search:ASIAI0B
Importing 'GUID: ca560c7d2a0d4453a50ec4f704ce9ce1 - Path: Packages/com.unity.multiplayer.center/Tests/Editor/UtilsForRecommendationTests.cs - Importer: ScriptedImporter/UnityEditor.QuickSearchModule:UnityEditor.Search:ASIAI0B' with importer (ScriptedImporter : UnityEditor.QuickSearchModule:UnityEditor.Search:ASIAI0B)
Imported 'GUID: ca560c7d2a0d4453a50ec4f704ce9ce1' -> (Import Result ID: 'a752240381e86f9aeda589f1e8ea268b') in 0.002 seconds [static and dynamic dependencies]. Details - ImportResultOutputID=33975d88c4cacc5d6682d38a6853c02d DependenciesID=6acabeacb907df50eb9a060c587465f4 StaticDependenciesID=e4f2ccba2207b69255a053f0202c5752 
Number of updated asset objects reloaded before import = 0
Number of asset objects unloaded after import = 0
========================================================================
Received Import Request.
  Time of request: 2026-08-17T11:23:07.2458619Z
  Time since last request: 0.0002314 seconds.
  importAddress: GUID: 29cbd1c6a8c9419aac357b8d4edbdc84 - Path: Packages/com.unity.multiplayer.center/Tests/Editor/QuickstartTabTests.cs - Importer: ScriptedImporter/UnityEditor.QuickSearchModule:UnityEditor.Search:ASIAI0B
Importing 'GUID: 29cbd1c6a8c9419aac357b8d4edbdc84 - Path: Packages/com.unity.multiplayer.center/Tests/Editor/QuickstartTabTests.cs - Importer: ScriptedImporter/UnityEditor.QuickSearchModule:UnityEditor.Search:ASIAI0B' with importer (ScriptedImporter : UnityEditor.QuickSearchModule:UnityEditor.Search:ASIAI0B)
Imported 'GUID: 29cbd1c6a8c9419aac357b8d4edbdc84' -> (Import Result ID: '548befd7385bf0a86ad299dec54e7a11') in 0.003 seconds [static and dynamic dependencies]. Details - ImportResultOutputID=8b49f8353db7b770c5420cf534739b17 DependenciesID=a2f5404025c493a564b608101b6badf0 StaticDependenciesID=060226aabb1b95db40d469f3b0a455c0 
Number of updated asset objects reloaded before import = 0
Number of asset objects unloaded after import = 0
========================================================================
Received Import Request.
  Time of request: 2026-08-17T11:23:07.2489552Z
  Time since last request: 0.0002152 seconds.
  importAddress: GUID: 3595bcaa1af84e6d92e07f0258a4256c - Path: Packages/com.unity.multiplayer.center/Editor/Questionnaire/PresetData.cs - Importer: ScriptedImporter/UnityEditor.QuickSearchModule:UnityEditor.Search:ASIAI0B
Importing 'GUID: 3595bcaa1af84e6d92e07f0258a4256c - Path: Packages/com.unity.multiplayer.center/Editor/Questionnaire/PresetData.cs - Importer: ScriptedImporter/UnityEditor.QuickSearchModule:UnityEditor.Search:ASIAI0B' with importer (ScriptedImporter : UnityEditor.QuickSearchModule:UnityEditor.Search:ASIAI0B)
Imported 'GUID: 3595bcaa1af84e6d92e07f0258a4256c' -> (Import Result ID: '19fafca03e5a9961a44412de12ec36d0') in 0.004 seconds [static and dynamic dependencies]. Details - ImportResultOutputID=3c5c851811fbf1ad941ac1e95e40929c DependenciesID=75cfad5770a41261c98b8ec0b5be0393 StaticDependenciesID=e71e4c4cf145ef263e2c8be2f187723e 
Number of updated asset objects reloaded before import = 0
Number of asset objects unloaded after import = 0
========================================================================
Received Import Request.
  Time of request: 2026-08-17T11:23:07.2529096Z
  Time since last request: 0.0002814 seconds.
  importAddress: GUID: dab91f148d99946e7b3c3a87ecf4b973 - Path: Packages/com.unity.multiplayer.center/Editor/MultiplayerCenterWindow/UI/Icons/d_Loading.png - Importer: ScriptedImporter/UnityEditor.QuickSearchModule:UnityEditor.Search:ASIAI0B
Importing 'GUID: dab91f148d99946e7b3c3a87ecf4b973 - Path: Packages/com.unity.multiplayer.center/Editor/MultiplayerCenterWindow/UI/Icons/d_Loading.png - Importer: ScriptedImporter/UnityEditor.QuickSearchModule:UnityEditor.Search:ASIAI0B' with importer (ScriptedImporter : UnityEditor.QuickSearchModule:UnityEditor.Search:ASIAI0B)
Imported 'GUID: dab91f148d99946e7b3c3a87ecf4b973' -> (Import Result ID: '49f73d34df495b1e2d6c9a9397cc5223') in 0.015 seconds [static and dynamic dependencies]. Details - ImportResultOutputID=5b6424f946dd98bd4cf7b20711a49d71 DependenciesID=2d0040cd99bbc0ff7936ca08969125fd StaticDependenciesID=b84a22c4832dacdd71eed3dfb7c871ec 
Number of updated asset objects reloaded before import = 0
Number of asset objects unloaded after import = 1
========================================================================
Received Import Request.
  Time of request: 2026-08-17T11:23:07.2684438Z
  Time since last request: 0.0002117 seconds.
  importAddress: GUID: cfc5ccd4416341629caf73dd3e318aac - Path: Packages/com.unity.multiplayer.center/Tests/Editor/UtilsForMultiplayerCenterTests.cs - Importer: ScriptedImporter/UnityEditor.QuickSearchModule:UnityEditor.Search:ASIAI0B
Importing 'GUID: cfc5ccd4416341629caf73dd3e318aac - Path: Packages/com.unity.multiplayer.center/Tests/Editor/UtilsForMultiplayerCenterTests.cs - Importer: ScriptedImporter/UnityEditor.QuickSearchModule:UnityEditor.Search:ASIAI0B' with importer (ScriptedImporter : UnityEditor.QuickSearchModule:UnityEditor.Search:ASIAI0B)
Imported 'GUID: cfc5ccd4416341629caf73dd3e318aac' -> (Import Result ID: '6e0f0f477391b5aa025b23ecfc763e84') in 0.002 seconds [static and dynamic dependencies]. Details - ImportResultOutputID=9875f5b703be64a269211e49f75e16d7 DependenciesID=3f7605b6412b86d01d59735ba6505d03 StaticDependenciesID=dac61df37a439b648e59adc00f7cdbb5 
Number of updated asset objects reloaded before import = 0
Number of asset objects unloaded after import = 0
========================================================================
Received Import Request.
  Time of request: 2026-08-17T11:23:07.2709674Z
  Time since last request: 0.0002419 seconds.
  importAddress: GUID: 1c3db2c484234a94a19c3acdc2539575 - Path: Packages/com.unity.multiplayer.center/Editor/MultiplayerCenterWindow/UI/StyleClasses.cs - Importer: ScriptedImporter/UnityEditor.QuickSearchModule:UnityEditor.Search:ASIAI0B
Importing 'GUID: 1c3db2c484234a94a19c3acdc2539575 - Path: Packages/com.unity.multiplayer.center/Editor/MultiplayerCenterWindow/UI/StyleClasses.cs - Importer: ScriptedImporter/UnityEditor.QuickSearchModule:UnityEditor.Search:ASIAI0B' with importer (ScriptedImporter : UnityEditor.QuickSearchModule:UnityEditor.Search:ASIAI0B)
Imported 'GUID: 1c3db2c484234a94a19c3acdc2539575' -> (Import Result ID: 'cfa400c781e415a7f01568d87b23c5ba') in 0.003 seconds [static and dynamic dependencies]. Details - ImportResultOutputID=fae3e497c30ee3ba156bc6e4910837f4 DependenciesID=1e66f830b0c6a95c256469ca2a58de05 StaticDependenciesID=d49dca268ef0570a53ce51e89d356846 
Number of updated asset objects reloaded before import = 0
Number of asset objects unloaded after import = 0
========================================================================
Received Import Request.
  Time of request: 2026-08-17T11:23:07.2746933Z
  Time since last request: 0.0002456 seconds.
  importAddress: GUID: ad1d29f4654194951a3c8bf507914d05 - Path: Packages/com.unity.multiplayer.center/Editor/MultiplayerCenterWindow/UI/Icons/CloudCode.png - Importer: ScriptedImporter/UnityEditor.QuickSearchModule:UnityEditor.Search:ASIAI0B
Importing 'GUID: ad1d29f4654194951a3c8bf507914d05 - Path: Packages/com.unity.multiplayer.center/Editor/MultiplayerCenterWindow/UI/Icons/CloudCode.png - Importer: ScriptedImporter/UnityEditor.QuickSearchModule:UnityEditor.Search:ASIAI0B' with importer (ScriptedImporter : UnityEditor.QuickSearchModule:UnityEditor.Search:ASIAI0B)
Imported 'GUID: ad1d29f4654194951a3c8bf507914d05' -> (Import Result ID: 'cb2c6a436735df142153200545b25f20') in 0.015 seconds [static and dynamic dependencies]. Details - ImportResultOutputID=cd24fd03d834d52b089a7ec45eca840b DependenciesID=62c451b92f1f10ea0bd9be2261a33cb7 StaticDependenciesID=ae7c9fcbc9de3a7d130f2b0db04bab73 
Number of updated asset objects reloaded before import = 0
Number of asset objects unloaded after import = 1
========================================================================
Received Import Request.
  Time of request: 2026-08-17T11:23:07.2901234Z
  Time since last request: 0.0002386 seconds.
  importAddress: GUID: f1ac2efb1bcd4dfd95dc196ed3c11367 - Path: Packages/com.unity.multiplayer.center/Editor/MultiplayerCenterWindow/UI/light.uss - Importer: ScriptedImporter/UnityEditor.QuickSearchModule:UnityEditor.Search:ASIAI0B
Importing 'GUID: f1ac2efb1bcd4dfd95dc196ed3c11367 - Path: Packages/com.unity.multiplayer.center/Editor/MultiplayerCenterWindow/UI/light.uss - Importer: ScriptedImporter/UnityEditor.QuickSearchModule:UnityEditor.Search:ASIAI0B' with importer (ScriptedImporter : UnityEditor.QuickSearchModule:UnityEditor.Search:ASIAI0B)
Imported 'GUID: f1ac2efb1bcd4dfd95dc196ed3c11367' -> (Import Result ID: '1adb2ec4e6c1805cbb9e7deaa272bc9d') in 0.085 seconds [static and dynamic dependencies]. Details - ImportResultOutputID=9b2c4b1a9e31b9519231646047cf9838 DependenciesID=32bcff93f60bf8945d313214568afa5a StaticDependenciesID=806bc33f314561b6300cbfa7d015196d 
Number of updated asset objects reloaded before import = 0
Number of asset objects unloaded after import = 9
========================================================================
Received Import Request.
  Time of request: 2026-08-17T11:23:07.3756346Z
  Time since last request: 0.0001065 seconds.
  importAddress: GUID: d7711b0cc806d430b8a95f1e33ec3649 - Path: Packages/com.unity.multiplayer.center/Editor/MultiplayerCenterWindow/UI/Icons/CustomNetcode@2x.png - Importer: ScriptedImporter/UnityEditor.QuickSearchModule:UnityEditor.Search:ASIAI0B
Importing 'GUID: d7711b0cc806d430b8a95f1e33ec3649 - Path: Packages/com.unity.multiplayer.center/Editor/MultiplayerCenterWindow/UI/Icons/CustomNetcode@2x.png - Importer: ScriptedImporter/UnityEditor.QuickSearchModule:UnityEditor.Search:ASIAI0B' with importer (ScriptedImporter : UnityEditor.QuickSearchModule:UnityEditor.Search:ASIAI0B)
Imported 'GUID: d7711b0cc806d430b8a95f1e33ec3649' -> (Import Result ID: '5ea4262bc8ace91668e320c8f9c17cac') in 0.015 seconds [static and dynamic dependencies]. Details - ImportResultOutputID=021c1b5111eadd6aa0cb0bc2dfcc38fa DependenciesID=b209ec864ebb2467cf38a2220d9b252b StaticDependenciesID=0b8c1015639ea8980a270defd400fd4e 
Number of updated asset objects reloaded before import = 0
Number of asset objects unloaded after import = 1
========================================================================
Received Import Request.
  Time of request: 2026-08-17T11:23:07.3910632Z
  Time since last request: 0.0002616 seconds.
  importAddress: GUID: 7ca5cd79ef39442e599efb761abcbaac - Path: Packages/com.unity.multiplayer.center/Editor/Questionnaire/QuestionnaireData.cs - Importer: ScriptedImporter/UnityEditor.QuickSearchModule:UnityEditor.Search:ASIAI0B
Importing 'GUID: 7ca5cd79ef39442e599efb761abcbaac - Path: Packages/com.unity.multiplayer.center/Editor/Questionnaire/QuestionnaireData.cs - Importer: ScriptedImporter/UnityEditor.QuickSearchModule:UnityEditor.Search:ASIAI0B' with importer (ScriptedImporter : UnityEditor.QuickSearchModule:UnityEditor.Search:ASIAI0B)
Imported 'GUID: 7ca5cd79ef39442e599efb761abcbaac' -> (Import Result ID: '531e933e27078331aeaf86f29396c125') in 0.003 seconds [static and dynamic dependencies]. Details - ImportResultOutputID=2688e1c4b06d33e3b396241f83d0bbc4 DependenciesID=a3c397b4693f1bfe88de437d0f10c0d8 StaticDependenciesID=22fa696a30b9c7a1bd9c0dd16f55e102 
Number of updated asset objects reloaded before import = 0
Number of asset objects unloaded after import = 0
========================================================================
Received Import Request.
  Time of request: 2026-08-17T11:23:07.3939492Z
  Time since last request: 0.0002352 seconds.
  importAddress: GUID: 787ec048daec145b580d1134da5dd278 - Path: Packages/com.unity.multiplayer.center/Tests/Editor/Unity.Multiplayer.Center.Editor.Tests.asmdef - Importer: ScriptedImporter/UnityEditor.QuickSearchModule:UnityEditor.Search:ASIAI0B
Importing 'GUID: 787ec048daec145b580d1134da5dd278 - Path: Packages/com.unity.multiplayer.center/Tests/Editor/Unity.Multiplayer.Center.Editor.Tests.asmdef - Importer: ScriptedImporter/UnityEditor.QuickSearchModule:UnityEditor.Search:ASIAI0B' with importer (ScriptedImporter : UnityEditor.QuickSearchModule:UnityEditor.Search:ASIAI0B)
Imported 'GUID: 787ec048daec145b580d1134da5dd278' -> (Import Result ID: 'dd75478f15502bc64dda65f948d96a53') in 0.012 seconds [static and dynamic dependencies]. Details - ImportResultOutputID=fb8142457b117296df276f039870c5d9 DependenciesID=b24c2b5a49b5010ccb7df5f0a499e575 StaticDependenciesID=25314c36d743a9beda94775f785469ad 
Number of updated asset objects reloaded before import = 0
Number of asset objects unloaded after import = 1
========================================================================
Received Import Request.
  Time of request: 2026-08-17T11:23:07.4058867Z
  Time since last request: 0.0002147 seconds.
  importAddress: GUID: c2c1cf24bea5410ea530b2c8a875b293 - Path: Packages/com.unity.multiplayer.center/Tests/Editor/AnalyticsUtilsTests.cs - Importer: ScriptedImporter/UnityEditor.QuickSearchModule:UnityEditor.Search:ASIAI0B
Importing 'GUID: c2c1cf24bea5410ea530b2c8a875b293 - Path: Packages/com.unity.multiplayer.center/Tests/Editor/AnalyticsUtilsTests.cs - Importer: ScriptedImporter/UnityEditor.QuickSearchModule:UnityEditor.Search:ASIAI0B' with importer (ScriptedImporter : UnityEditor.QuickSearchModule:UnityEditor.Search:ASIAI0B)
Imported 'GUID: c2c1cf24bea5410ea530b2c8a875b293' -> (Import Result ID: '080b4c4ad1ac0f126068fa62723bb7b6') in 0.004 seconds [static and dynamic dependencies]. Details - ImportResultOutputID=38df0b859b0ae7d81a9a67ab5aceb4a4 DependenciesID=caa37d15364da4f5a4051360d99747ee StaticDependenciesID=445335c174321691166478aa12c74272 
Number of updated asset objects reloaded before import = 0
Number of asset objects unloaded after import = 0
========================================================================
Received Import Request.
  Time of request: 2026-08-17T11:23:07.4099102Z
  Time since last request: 0.0002821 seconds.
  importAddress: GUID: 0d9328c739784454ad03d404f395a0ab - Path: Packages/com.unity.multiplayer.center/Editor/MultiplayerCenterWindow/UI/ViewUtils.cs - Importer: ScriptedImporter/UnityEditor.QuickSearchModule:UnityEditor.Search:ASIAI0B
Importing 'GUID: 0d9328c739784454ad03d404f395a0ab - Path: Packages/com.unity.multiplayer.center/Editor/MultiplayerCenterWindow/UI/ViewUtils.cs - Importer: ScriptedImporter/UnityEditor.QuickSearchModule:UnityEditor.Search:ASIAI0B' with importer (ScriptedImporter : UnityEditor.QuickSearchModule:UnityEditor.Search:ASIAI0B)
Imported 'GUID: 0d9328c739784454ad03d404f395a0ab' -> (Import Result ID: 'cccc4bfc3414d2c2adeaabcc141b97e0') in 0.002 seconds [static and dynamic dependencies]. Details - ImportResultOutputID=47d79a7e90a9f967bd7fdaa688282074 DependenciesID=8a40d6cb17c552b6e35a6a3afd713781 StaticDependenciesID=5521d5118a6d6a726b18b4ae801a5723 
Number of updated asset objects reloaded before import = 0
Number of asset objects unloaded after import = 0
========================================================================
Received Import Request.
  Time of request: 2026-08-17T11:23:07.4127468Z
  Time since last request: 0.0002268 seconds.
  importAddress: GUID: 36b51591e13f48b5bed734724d149fb4 - Path: Packages/com.unity.multiplayer.center/Tests/Editor/RecommendationAnalyticsTests.cs - Importer: ScriptedImporter/UnityEditor.QuickSearchModule:UnityEditor.Search:ASIAI0B
Importing 'GUID: 36b51591e13f48b5bed734724d149fb4 - Path: Packages/com.unity.multiplayer.center/Tests/Editor/RecommendationAnalyticsTests.cs - Importer: ScriptedImporter/UnityEditor.QuickSearchModule:UnityEditor.Search:ASIAI0B' with importer (ScriptedImporter : UnityEditor.QuickSearchModule:UnityEditor.Search:ASIAI0B)
Imported 'GUID: 36b51591e13f48b5bed734724d149fb4' -> (Import Result ID: '632a7488f46c3ea5af6b9cbe85bd03d4') in 0.006 seconds [static and dynamic dependencies]. Details - ImportResultOutputID=eb6bc7aa8c695b890b241a8331e8f394 DependenciesID=678ed06bcc263199f27283429a9fc6fe StaticDependenciesID=756beac7a427fca221b2666288d6f984 
Number of updated asset objects reloaded before import = 0
Number of asset objects unloaded after import = 0
========================================================================
Received Import Request.
  Time of request: 2026-08-17T11:23:07.4199366Z
  Time since last request: 0.0001374 seconds.
  importAddress: GUID: 8110dd6ddbc04e58b50978562ce0c00a - Path: Packages/com.unity.multiplayer.center/Tests/Editor/ExpectedPresetRecommendations.cs - Importer: ScriptedImporter/UnityEditor.QuickSearchModule:UnityEditor.Search:ASIAI0B
Importing 'GUID: 8110dd6ddbc04e58b50978562ce0c00a - Path: Packages/com.unity.multiplayer.center/Tests/Editor/ExpectedPresetRecommendations.cs - Importer: ScriptedImporter/UnityEditor.QuickSearchModule:UnityEditor.Search:ASIAI0B' with importer (ScriptedImporter : UnityEditor.QuickSearchModule:UnityEditor.Search:ASIAI0B)
Imported 'GUID: 8110dd6ddbc04e58b50978562ce0c00a' -> (Import Result ID: '5f406502bf4451cbafd5f72795ebe68e') in 0.004 seconds [static and dynamic dependencies]. Details - ImportResultOutputID=0ca6f6bf0ba1651d8f003b15c986e162 DependenciesID=e8a6a8bbc6d64c88f26578a6bf55dcf0 StaticDependenciesID=1b138c7ee3c8c02c1eac148786fee248 
Number of updated asset objects reloaded before import = 0
Number of asset objects unloaded after import = 0
========================================================================
Received Import Request.
  Time of request: 2026-08-17T11:23:07.4243236Z
  Time since last request: 0.0004478 seconds.
  importAddress: GUID: 1b4c88814ec6241eb8e327515399c006 - Path: Packages/com.unity.multiplayer.center/Editor/MultiplayerCenterWindow/UI/Icons/d_PackageManager.png - Importer: ScriptedImporter/UnityEditor.QuickSearchModule:UnityEditor.Search:ASIAI0B
Importing 'GUID: 1b4c88814ec6241eb8e327515399c006 - Path: Packages/com.unity.multiplayer.center/Editor/MultiplayerCenterWindow/UI/Icons/d_PackageManager.png - Importer: ScriptedImporter/UnityEditor.QuickSearchModule:UnityEditor.Search:ASIAI0B' with importer (ScriptedImporter : UnityEditor.QuickSearchModule:UnityEditor.Search:ASIAI0B)
Imported 'GUID: 1b4c88814ec6241eb8e327515399c006' -> (Import Result ID: '91488f43a663f9cd1a71ae3f83ef39e6') in 0.019 seconds [static and dynamic dependencies]. Details - ImportResultOutputID=5859e1ef5e1c4f05ffcf9b67d0fb6ee2 DependenciesID=ead63c8dd94e5a853fd7e4a17cd544bc StaticDependenciesID=9b396abe1c6c924b8ea5b283d190410c 
Number of updated asset objects reloaded before import = 0
Number of asset objects unloaded after import = 1
========================================================================
Received Import Request.
  Time of request: 2026-08-17T11:23:07.4442501Z
  Time since last request: 0.0003278 seconds.
  importAddress: GUID: 6cfa81557736450abfb73264580451c1 - Path: Packages/com.unity.multiplayer.center/Tests/Editor/SectionHeaderTests.cs - Importer: ScriptedImporter/UnityEditor.QuickSearchModule:UnityEditor.Search:ASIAI0B
Importing 'GUID: 6cfa81557736450abfb73264580451c1 - Path: Packages/com.unity.multiplayer.center/Tests/Editor/SectionHeaderTests.cs - Importer: ScriptedImporter/UnityEditor.QuickSearchModule:UnityEditor.Search:ASIAI0B' with importer (ScriptedImporter : UnityEditor.QuickSearchModule:UnityEditor.Search:ASIAI0B)
Imported 'GUID: 6cfa81557736450abfb73264580451c1' -> (Import Result ID: 'fedc043364158e0f0a1a8039837a1df1') in 0.003 seconds [static and dynamic dependencies]. Details - ImportResultOutputID=adbb5587a28fee6d2c04d5eb051a4381 DependenciesID=b0277ef50b57384ee4ac6d93b337e36c StaticDependenciesID=01806152f21939cd5ef603e79eb96f09 
Number of updated asset objects reloaded before import = 0
Number of asset objects unloaded after import = 0
========================================================================
Received Import Request.
  Time of request: 2026-08-17T11:23:07.4480883Z
  Time since last request: 0.0003777 seconds.
  importAddress: GUID: 52a77c59214a4cb5a43fc7b0e097d832 - Path: Packages/com.unity.multiplayer.center/Editor/Recommendations/RecommendationUtils.cs - Importer: ScriptedImporter/UnityEditor.QuickSearchModule:UnityEditor.Search:ASIAI0B
Importing 'GUID: 52a77c59214a4cb5a43fc7b0e097d832 - Path: Packages/com.unity.multiplayer.center/Editor/Recommendations/RecommendationUtils.cs - Importer: ScriptedImporter/UnityEditor.QuickSearchModule:UnityEditor.Search:ASIAI0B' with importer (ScriptedImporter : UnityEditor.QuickSearchModule:UnityEditor.Search:ASIAI0B)
Imported 'GUID: 52a77c59214a4cb5a43fc7b0e097d832' -> (Import Result ID: 'a1c31e1682c8e26de827abb0fea84f62') in 0.003 seconds [static and dynamic dependencies]. Details - ImportResultOutputID=a1b53e9ab4b44a97a3e9df0e923a8850 DependenciesID=acbcd6180c5d38574c7991523c330f63 StaticDependenciesID=d2546d9735df8b25c202e90b0731bf01 
Number of updated asset objects reloaded before import = 0
Number of asset objects unloaded after import = 0
========================================================================
Received Import Request.
  Time of request: 2026-08-17T11:23:07.451952Z
  Time since last request: 0.000269 seconds.
  importAddress: GUID: c3d3226643b94888b02e25de0a9de55f - Path: Packages/com.unity.multiplayer.center/Tests/Editor/UserVisibleTextTests.cs - Importer: ScriptedImporter/UnityEditor.QuickSearchModule:UnityEditor.Search:ASIAI0B
Importing 'GUID: c3d3226643b94888b02e25de0a9de55f - Path: Packages/com.unity.multiplayer.center/Tests/Editor/UserVisibleTextTests.cs - Importer: ScriptedImporter/UnityEditor.QuickSearchModule:UnityEditor.Search:ASIAI0B' with importer (ScriptedImporter : UnityEditor.QuickSearchModule:UnityEditor.Search:ASIAI0B)
Imported 'GUID: c3d3226643b94888b02e25de0a9de55f' -> (Import Result ID: 'fd293866eb5ff6e06ce7412aab54a54b') in 0.003 seconds [static and dynamic dependencies]. Details - ImportResultOutputID=8872c3959593cf9143078e3af25da746 DependenciesID=75721636b660d5b6881b952c9df2fbb8 StaticDependenciesID=d7da8d4842cb39b88ea2ac0bada9e21f 
Number of updated asset objects reloaded before import = 0
Number of asset objects unloaded after import = 0
========================================================================
Received Import Request.
  Time of request: 2026-08-17T11:23:07.4552608Z
  Time since last request: 0.0002993 seconds.
  importAddress: GUID: a1c995459c0d418c88dd274e04840c5d - Path: Packages/com.unity.multiplayer.center/Editor/Recommendations/RecommenderSystem.cs - Importer: ScriptedImporter/UnityEditor.QuickSearchModule:UnityEditor.Search:ASIAI0B
Importing 'GUID: a1c995459c0d418c88dd274e04840c5d - Path: Packages/com.unity.multiplayer.center/Editor/Recommendations/RecommenderSystem.cs - Importer: ScriptedImporter/UnityEditor.QuickSearchModule:UnityEditor.Search:ASIAI0B' with importer (ScriptedImporter : UnityEditor.QuickSearchModule:UnityEditor.Search:ASIAI0B)
Imported 'GUID: a1c995459c0d418c88dd274e04840c5d' -> (Import Result ID: '3f7bf761dcbaf51dffeb6a89448c615d') in 0.002 seconds [static and dynamic dependencies]. Details - ImportResultOutputID=ec8d9a9dd62121fc647de85bd1517087 DependenciesID=93bed4561f160741a4ba82c90b878721 StaticDependenciesID=b5ef067d75e93811e6ea941a1b3ce461 
Number of updated asset objects reloaded before import = 0
Number of asset objects unloaded after import = 0
========================================================================
Received Import Request.
  Time of request: 2026-08-17T11:23:07.4578011Z
  Time since last request: 0.0002178 seconds.
  importAddress: GUID: e4439b4b4bb24a5eb61c59c5a67aa5a0 - Path: Packages/com.unity.multiplayer.center/Editor/MultiplayerCenterWindow/UI/QuestionViewFactory.cs - Importer: ScriptedImporter/UnityEditor.QuickSearchModule:UnityEditor.Search:ASIAI0B
Importing 'GUID: e4439b4b4bb24a5eb61c59c5a67aa5a0 - Path: Packages/com.unity.multiplayer.center/Editor/MultiplayerCenterWindow/UI/QuestionViewFactory.cs - Importer: ScriptedImporter/UnityEditor.QuickSearchModule:UnityEditor.Search:ASIAI0B' with importer (ScriptedImporter : UnityEditor.QuickSearchModule:UnityEditor.Search:ASIAI0B)
Imported 'GUID: e4439b4b4bb24a5eb61c59c5a67aa5a0' -> (Import Result ID: '282dc9b5aa67e1b3ede0ea7df1002e5e') in 0.002 seconds [static and dynamic dependencies]. Details - ImportResultOutputID=b4761b908f804d5c7205784205e7f3ba DependenciesID=a47c1e6227d10336b727da1c250fb09c StaticDependenciesID=2f7a3fe5059dbafe349746b2832934ef 
Number of updated asset objects reloaded before import = 0
Number of asset objects unloaded after import = 0
========================================================================
Received Import Request.
  Time of request: 2026-08-17T11:23:07.4605915Z
  Time since last request: 0.0002385 seconds.
  importAddress: GUID: 38b78df4a34c94fa6a52c90239606ff1 - Path: Packages/com.unity.multiplayer.center/Editor/MultiplayerCenterWindow/UI/Icons/DedicatedServer@2x.png - Importer: ScriptedImporter/UnityEditor.QuickSearchModule:UnityEditor.Search:ASIAI0B
Importing 'GUID: 38b78df4a34c94fa6a52c90239606ff1 - Path: Packages/com.unity.multiplayer.center/Editor/MultiplayerCenterWindow/UI/Icons/DedicatedServer@2x.png - Importer: ScriptedImporter/UnityEditor.QuickSearchModule:UnityEditor.Search:ASIAI0B' with importer (ScriptedImporter : UnityEditor.QuickSearchModule:UnityEditor.Search:ASIAI0B)
Imported 'GUID: 38b78df4a34c94fa6a52c90239606ff1' -> (Import Result ID: '08f3d9ebf40e2a5cde346a6587243f24') in 0.017 seconds [static and dynamic dependencies]. Details - ImportResultOutputID=ff93a3273eb3e8a21440ed81c56941ae DependenciesID=53edcb8dc44447f82173ea783995fc01 StaticDependenciesID=e345b03449aad8d6c621b448430e0547 
Number of updated asset objects reloaded before import = 0
Number of asset objects unloaded after import = 1
========================================================================
Received Import Request.
  Time of request: 2026-08-17T11:23:07.4783666Z
  Time since last request: 0.0003107 seconds.
  importAddress: GUID: 0ddc3b8a12c84454b04e4d6bdd88241c - Path: Packages/com.unity.multiplayer.center/Editor/Recommendations/RecommendationViewData.cs - Importer: ScriptedImporter/UnityEditor.QuickSearchModule:UnityEditor.Search:ASIAI0B
Importing 'GUID: 0ddc3b8a12c84454b04e4d6bdd88241c - Path: Packages/com.unity.multiplayer.center/Editor/Recommendations/RecommendationViewData.cs - Importer: ScriptedImporter/UnityEditor.QuickSearchModule:UnityEditor.Search:ASIAI0B' with importer (ScriptedImporter : UnityEditor.QuickSearchModule:UnityEditor.Search:ASIAI0B)
Imported 'GUID: 0ddc3b8a12c84454b04e4d6bdd88241c' -> (Import Result ID: '0c7fe87c3bea6d7d86aa191443bb2a87') in 0.003 seconds [static and dynamic dependencies]. Details - ImportResultOutputID=6a824b2ee124c1f3d5da52dbe2dd7507 DependenciesID=313bcdd783916e37ccb2c610166661ba StaticDependenciesID=7b088d5abd726ff122ba338f0ecf76c6 
Number of updated asset objects reloaded before import = 0
Number of asset objects unloaded after import = 0
========================================================================
Received Import Request.
  Time of request: 2026-08-17T11:23:07.4821707Z
  Time since last request: 0.0003032 seconds.
  importAddress: GUID: a23c0dd570fd44b57a03a8880002fcca - Path: Packages/com.unity.multiplayer.center/Editor/MultiplayerCenterWindow/UI/Icons/CloudCode@2x.png - Importer: ScriptedImporter/UnityEditor.QuickSearchModule:UnityEditor.Search:ASIAI0B
Importing 'GUID: a23c0dd570fd44b57a03a8880002fcca - Path: Packages/com.unity.multiplayer.center/Editor/MultiplayerCenterWindow/UI/Icons/CloudCode@2x.png - Importer: ScriptedImporter/UnityEditor.QuickSearchModule:UnityEditor.Search:ASIAI0B' with importer (ScriptedImporter : UnityEditor.QuickSearchModule:UnityEditor.Search:ASIAI0B)
Imported 'GUID: a23c0dd570fd44b57a03a8880002fcca' -> (Import Result ID: '760037a4fa63a2e4b60e5b2445e50885') in 0.014 seconds [static and dynamic dependencies]. Details - ImportResultOutputID=ca38219c7c853ac2ef9acdff1c0d0699 DependenciesID=dbde7e4ad26c7df8df2f591a1d8a021b StaticDependenciesID=b139e8801b2aabf75698ede1d84d4f04 
Number of updated asset objects reloaded before import = 0
Number of asset objects unloaded after import = 1
========================================================================
Received Import Request.
  Time of request: 2026-08-17T11:23:07.4963097Z
  Time since last request: 0.0002429 seconds.
  importAddress: GUID: 741761e72e6f24446bd8ba03ea3d0261 - Path: Packages/com.unity.multiplayer.center/Editor/MultiplayerCenterWindow/UI/Icons/d_Questionnaire.png - Importer: ScriptedImporter/UnityEditor.QuickSearchModule:UnityEditor.Search:ASIAI0B
Importing 'GUID: 741761e72e6f24446bd8ba03ea3d0261 - Path: Packages/com.unity.multiplayer.center/Editor/MultiplayerCenterWindow/UI/Icons/d_Questionnaire.png - Importer: ScriptedImporter/UnityEditor.QuickSearchModule:UnityEditor.Search:ASIAI0B' with importer (ScriptedImporter : UnityEditor.QuickSearchModule:UnityEditor.Search:ASIAI0B)
Imported 'GUID: 741761e72e6f24446bd8ba03ea3d0261' -> (Import Result ID: '4301201755156397cc17b664064c802b') in 0.013 seconds [static and dynamic dependencies]. Details - ImportResultOutputID=e23c6f6cd8ba45154aab4ce9a9a7a342 DependenciesID=c2a7a35e841e13ab55698b80b76987b0 StaticDependenciesID=7496da4d9c7aaddd5068213417030dea 
Number of updated asset objects reloaded before import = 0
Number of asset objects unloaded after import = 1
========================================================================
Received Import Request.
  Time of request: 2026-08-17T11:23:07.5096543Z
  Time since last request: 0.0002177 seconds.
  importAddress: GUID: d63245ece6d8f476c8c7ca24da9937f6 - Path: Packages/com.unity.multiplayer.center/Editor/MultiplayerCenterWindow/UI/Icons/DistributedAuthority.png - Importer: ScriptedImporter/UnityEditor.QuickSearchModule:UnityEditor.Search:ASIAI0B
Importing 'GUID: d63245ece6d8f476c8c7ca24da9937f6 - Path: Packages/com.unity.multiplayer.center/Editor/MultiplayerCenterWindow/UI/Icons/DistributedAuthority.png - Importer: ScriptedImporter/UnityEditor.QuickSearchModule:UnityEditor.Search:ASIAI0B' with importer (ScriptedImporter : UnityEditor.QuickSearchModule:UnityEditor.Search:ASIAI0B)
Imported 'GUID: d63245ece6d8f476c8c7ca24da9937f6' -> (Import Result ID: 'a1b54f73f59028a7e918386113b70e8d') in 0.012 seconds [static and dynamic dependencies]. Details - ImportResultOutputID=dbcddd15e9028153529334eb828dc530 DependenciesID=3f3c4092d366be939fe3a8d7b4d706fc StaticDependenciesID=a05c2966478590c6f77c914aac02a816 
Number of updated asset objects reloaded before import = 0
Number of asset objects unloaded after import = 1
========================================================================
Received Import Request.
  Time of request: 2026-08-17T11:23:07.5222788Z
  Time since last request: 0.0003303 seconds.
  importAddress: GUID: 3fe892784421e47f5aa40c2784a6cb3e - Path: Packages/com.unity.multiplayer.center/Editor/MultiplayerCenterWindow/UI/Icons/DedicatedServer.png - Importer: ScriptedImporter/UnityEditor.QuickSearchModule:UnityEditor.Search:ASIAI0B
Importing 'GUID: 3fe892784421e47f5aa40c2784a6cb3e - Path: Packages/com.unity.multiplayer.center/Editor/MultiplayerCenterWindow/UI/Icons/DedicatedServer.png - Importer: ScriptedImporter/UnityEditor.QuickSearchModule:UnityEditor.Search:ASIAI0B' with importer (ScriptedImporter : UnityEditor.QuickSearchModule:UnityEditor.Search:ASIAI0B)
Imported 'GUID: 3fe892784421e47f5aa40c2784a6cb3e' -> (Import Result ID: '02eb1d20f11329f328b91045cda498e0') in 0.014 seconds [static and dynamic dependencies]. Details - ImportResultOutputID=07bf3a77d1fbeea2b188354421451b74 DependenciesID=6a5c71b537e32e73aa1a7295dfe124bf StaticDependenciesID=beb965ad0e3181c0ebeb585077913708 
Number of updated asset objects reloaded before import = 0
Number of asset objects unloaded after import = 1
========================================================================
Received Import Request.
  Time of request: 2026-08-17T11:23:07.5369271Z
  Time since last request: 0.0003491 seconds.
  importAddress: GUID: 29395f0639574c1fbc8b729aa257fb84 - Path: Packages/com.unity.multiplayer.center/Editor/MultiplayerCenterWindow/UI/Icons/d_Check.png - Importer: ScriptedImporter/UnityEditor.QuickSearchModule:UnityEditor.Search:ASIAI0B
Importing 'GUID: 29395f0639574c1fbc8b729aa257fb84 - Path: Packages/com.unity.multiplayer.center/Editor/MultiplayerCenterWindow/UI/Icons/d_Check.png - Importer: ScriptedImporter/UnityEditor.QuickSearchModule:UnityEditor.Search:ASIAI0B' with importer (ScriptedImporter : UnityEditor.QuickSearchModule:UnityEditor.Search:ASIAI0B)
Imported 'GUID: 29395f0639574c1fbc8b729aa257fb84' -> (Import Result ID: 'c146703210ba63bb88df82ce70fd396e') in 0.013 seconds [static and dynamic dependencies]. Details - ImportResultOutputID=3c213f431ceb8175224c58c823a8ac13 DependenciesID=5f8dad0fa84208ea45f7840cf17974fb StaticDependenciesID=1529c9cff821bc3881954648edb8e07a 
Number of updated asset objects reloaded before import = 0
Number of asset objects unloaded after import = 1
========================================================================
Received Import Request.
  Time of request: 2026-08-17T11:23:07.5505707Z
  Time since last request: 0.0002149 seconds.
  importAddress: GUID: a659150180ae3489ba41c71780ba3779 - Path: Packages/com.unity.multiplayer.center/Editor/Questionnaire/Questionnaire.questionnaire - Importer: ScriptedImporter/UnityEditor.QuickSearchModule:UnityEditor.Search:ASIAI0B
Importing 'GUID: a659150180ae3489ba41c71780ba3779 - Path: Packages/com.unity.multiplayer.center/Editor/Questionnaire/Questionnaire.questionnaire - Importer: ScriptedImporter/UnityEditor.QuickSearchModule:UnityEditor.Search:ASIAI0B' with importer (ScriptedImporter : UnityEditor.QuickSearchModule:UnityEditor.Search:ASIAI0B)
Imported 'GUID: a659150180ae3489ba41c71780ba3779' -> (Import Result ID: '38100d4bf1a43f693fc0949381329953') in 0.002 seconds [static and dynamic dependencies]. Details - ImportResultOutputID=98bcc67cb0733eb7386a16b6187f82c1 DependenciesID=bc178cc3ea220ae6fd79eb45392a1af7 StaticDependenciesID=ecc52ae83b814916bdfc33941f7b2bb3 
Number of updated asset objects reloaded before import = 0
Number of asset objects unloaded after import = 1
========================================================================
Received Import Request.
  Time of request: 2026-08-17T11:23:07.5534587Z
  Time since last request: 0.0003658 seconds.
  importAddress: GUID: b66d076cdcfe3b14388de66307a0e7ff - Path: Packages/com.unity.multiplayer.center/Editor/Recommendations/RecommendationData_6000.0.recommendations - Importer: ScriptedImporter/UnityEditor.QuickSearchModule:UnityEditor.Search:ASIAI0B
Importing 'GUID: b66d076cdcfe3b14388de66307a0e7ff - Path: Packages/com.unity.multiplayer.center/Editor/Recommendations/RecommendationData_6000.0.recommendations - Importer: ScriptedImporter/UnityEditor.QuickSearchModule:UnityEditor.Search:ASIAI0B' with importer (ScriptedImporter : UnityEditor.QuickSearchModule:UnityEditor.Search:ASIAI0B)
Imported 'GUID: b66d076cdcfe3b14388de66307a0e7ff' -> (Import Result ID: 'd7588da75d9efe3bf64bf142bf215e12') in 0.003 seconds [static and dynamic dependencies]. Details - ImportResultOutputID=e585f3264bcebb6adfef714b3a9685f7 DependenciesID=970f3331e153c2be1026aef2de5184d3 StaticDependenciesID=58e80ad5e796ea3ceaa53f2c2ddf6228 
Number of updated asset objects reloaded before import = 0
Number of asset objects unloaded after import = 1
========================================================================
Received Import Request.
  Time of request: 2026-08-17T11:23:07.5564471Z
  Time since last request: 0.0001854 seconds.
  importAddress: GUID: c37c4c45cacc46edb43b8c32617b3e34 - Path: Packages/com.unity.multiplayer.center/Tests/Editor/UtilsForGettingStartedTabTests.cs - Importer: ScriptedImporter/UnityEditor.QuickSearchModule:UnityEditor.Search:ASIAI0B
Importing 'GUID: c37c4c45cacc46edb43b8c32617b3e34 - Path: Packages/com.unity.multiplayer.center/Tests/Editor/UtilsForGettingStartedTabTests.cs - Importer: ScriptedImporter/UnityEditor.QuickSearchModule:UnityEditor.Search:ASIAI0B' with importer (ScriptedImporter : UnityEditor.QuickSearchModule:UnityEditor.Search:ASIAI0B)
Imported 'GUID: c37c4c45cacc46edb43b8c32617b3e34' -> (Import Result ID: '220f29b448fe6d3830ee81534353540c') in 0.002 seconds [static and dynamic dependencies]. Details - ImportResultOutputID=79798cf96e02ca2ba2ea5de53ed5b0fe DependenciesID=f37ffb8aa7e24fac244ee321ddb5af8a StaticDependenciesID=4ce83a085af3c315e375bbb478233c17 
Number of updated asset objects reloaded before import = 0
Number of asset objects unloaded after import = 0
========================================================================
Received Import Request.
  Time of request: 2026-08-17T11:23:07.5593035Z
  Time since last request: 0.0002204 seconds.
  importAddress: GUID: 77be953cf28de42a4ad8532539fef3f5 - Path: Packages/com.unity.multiplayer.center/Editor/MultiplayerCenterWindow/UI/Icons/d_PackageInstalled.png - Importer: ScriptedImporter/UnityEditor.QuickSearchModule:UnityEditor.Search:ASIAI0B
Importing 'GUID: 77be953cf28de42a4ad8532539fef3f5 - Path: Packages/com.unity.multiplayer.center/Editor/MultiplayerCenterWindow/UI/Icons/d_PackageInstalled.png - Importer: ScriptedImporter/UnityEditor.QuickSearchModule:UnityEditor.Search:ASIAI0B' with importer (ScriptedImporter : UnityEditor.QuickSearchModule:UnityEditor.Search:ASIAI0B)
Imported 'GUID: 77be953cf28de42a4ad8532539fef3f5' -> (Import Result ID: '30a90d7a6e003e89440c811d77d8b06d') in 0.013 seconds [static and dynamic dependencies]. Details - ImportResultOutputID=27a4997fde4887a10e08727de98be7bd DependenciesID=4067cc2fe4af8dbee2827017a60249ea StaticDependenciesID=18a34161351ebc3e77d6e3902e6cf259 
Number of updated asset objects reloaded before import = 0
Number of asset objects unloaded after import = 1
========================================================================
Received Import Request.
  Time of request: 2026-08-17T11:23:07.5729461Z
  Time since last request: 0.0002575 seconds.
  importAddress: GUID: 38a11839c22b4e67aa2e508d906edf65 - Path: Packages/com.unity.multiplayer.center/Editor/Recommendations/RecommenderSystemData.cs - Importer: ScriptedImporter/UnityEditor.QuickSearchModule:UnityEditor.Search:ASIAI0B
Importing 'GUID: 38a11839c22b4e67aa2e508d906edf65 - Path: Packages/com.unity.multiplayer.center/Editor/Recommendations/RecommenderSystemData.cs - Importer: ScriptedImporter/UnityEditor.QuickSearchModule:UnityEditor.Search:ASIAI0B' with importer (ScriptedImporter : UnityEditor.QuickSearchModule:UnityEditor.Search:ASIAI0B)
Imported 'GUID: 38a11839c22b4e67aa2e508d906edf65' -> (Import Result ID: 'ec16cef7f30bac9f2bf143ed18ae7a1c') in 0.003 seconds [static and dynamic dependencies]. Details - ImportResultOutputID=29758a32db8eab6b78c8dd72153db167 DependenciesID=5166e1fd36e7617a805110490de94de3 StaticDependenciesID=a4563a4c8cee84843fe5f5e1a5beb475 
Number of updated asset objects reloaded before import = 0
Number of asset objects unloaded after import = 0
========================================================================
Received Import Request.
  Time of request: 2026-08-17T11:23:07.5759912Z
  Time since last request: 0.0002952 seconds.
  importAddress: GUID: 5d117d33f89d41cd9123918383c9b981 - Path: Packages/com.unity.multiplayer.center/Editor/Questionnaire/QuestionnaireEditor.cs - Importer: ScriptedImporter/UnityEditor.QuickSearchModule:UnityEditor.Search:ASIAI0B
Importing 'GUID: 5d117d33f89d41cd9123918383c9b981 - Path: Packages/com.unity.multiplayer.center/Editor/Questionnaire/QuestionnaireEditor.cs - Importer: ScriptedImporter/UnityEditor.QuickSearchModule:UnityEditor.Search:ASIAI0B' with importer (ScriptedImporter : UnityEditor.QuickSearchModule:UnityEditor.Search:ASIAI0B)
Imported 'GUID: 5d117d33f89d41cd9123918383c9b981' -> (Import Result ID: '29db1043cc64b1941d64950fde51af60') in 0.003 seconds [static and dynamic dependencies]. Details - ImportResultOutputID=5eb4ba9991152128d9c90bae6926b138 DependenciesID=49c3e19954bd401645aeb62f0ea3667f StaticDependenciesID=53e187d695fb78d40a2681bdcea0b7a7 
Number of updated asset objects reloaded before import = 0
Number of asset objects unloaded after import = 0
========================================================================
Received Import Request.
  Time of request: 2026-08-17T11:23:07.5795847Z
  Time since last request: 0.0002407 seconds.
  importAddress: GUID: b46a48f780f84026b9d1e73ee1b0121d - Path: Packages/com.unity.multiplayer.center/Editor/Recommendations/RecommendationType.cs - Importer: ScriptedImporter/UnityEditor.QuickSearchModule:UnityEditor.Search:ASIAI0B
Importing 'GUID: b46a48f780f84026b9d1e73ee1b0121d - Path: Packages/com.unity.multiplayer.center/Editor/Recommendations/RecommendationType.cs - Importer: ScriptedImporter/UnityEditor.QuickSearchModule:UnityEditor.Search:ASIAI0B' with importer (ScriptedImporter : UnityEditor.QuickSearchModule:UnityEditor.Search:ASIAI0B)
Imported 'GUID: b46a48f780f84026b9d1e73ee1b0121d' -> (Import Result ID: '9cf49f1d15bedbbb73f22124610a6281') in 0.003 seconds [static and dynamic dependencies]. Details - ImportResultOutputID=4f2be9e85f9630eae78c53fbb3402134 DependenciesID=d341e431c7552337c7c606fd9ac9c99d StaticDependenciesID=e8a2bd8b9f7e20f529a556a586753443 
Number of updated asset objects reloaded before import = 0
Number of asset objects unloaded after import = 0
========================================================================
Received Import Request.
  Time of request: 2026-08-17T11:23:07.5826016Z
  Time since last request: 0.0002531 seconds.
  importAddress: GUID: 0354877031b64465ea7e5cafea1a2653 - Path: Packages/com.unity.multiplayer.center/Editor/MultiplayerCenterWindow/UI/Icons/DistributedAuthority@2x.png - Importer: ScriptedImporter/UnityEditor.QuickSearchModule:UnityEditor.Search:ASIAI0B
Importing 'GUID: 0354877031b64465ea7e5cafea1a2653 - Path: Packages/com.unity.multiplayer.center/Editor/MultiplayerCenterWindow/UI/Icons/DistributedAuthority@2x.png - Importer: ScriptedImporter/UnityEditor.QuickSearchModule:UnityEditor.Search:ASIAI0B' with importer (ScriptedImporter : UnityEditor.QuickSearchModule:UnityEditor.Search:ASIAI0B)
Imported 'GUID: 0354877031b64465ea7e5cafea1a2653' -> (Import Result ID: 'aa5296f2f83f28230b84fb1ce3e7e391') in 0.013 seconds [static and dynamic dependencies]. Details - ImportResultOutputID=5617f692d02b063e4fc01f6f89098f7f DependenciesID=4bbbc1e47126e50db8a993ebf6a4b2e4 StaticDependenciesID=a51d204e289262ccab4ada814f1298da 
Number of updated asset objects reloaded before import = 0
Number of asset objects unloaded after import = 1
========================================================================
Received Import Request.
  Time of request: 2026-08-17T11:23:07.5963575Z
  Time since last request: 0.0002232 seconds.
  importAddress: GUID: 7456ea4ba2dcd48d3909b82e610f2048 - Path: Packages/com.unity.multiplayer.center/Tests/Runtime/PlaceholderTest.cs - Importer: ScriptedImporter/UnityEditor.QuickSearchModule:UnityEditor.Search:ASIAI0B
Importing 'GUID: 7456ea4ba2dcd48d3909b82e610f2048 - Path: Packages/com.unity.multiplayer.center/Tests/Runtime/PlaceholderTest.cs - Importer: ScriptedImporter/UnityEditor.QuickSearchModule:UnityEditor.Search:ASIAI0B' with importer (ScriptedImporter : UnityEditor.QuickSearchModule:UnityEditor.Search:ASIAI0B)
Imported 'GUID: 7456ea4ba2dcd48d3909b82e610f2048' -> (Import Result ID: 'cea6f1b170bb435883831490086bf810') in 0.002 seconds [static and dynamic dependencies]. Details - ImportResultOutputID=6593d9927c0d823fd26935469014a69b DependenciesID=64206a5edc8608a1cd24e51114c640af StaticDependenciesID=ca0ea154eac79a5df2be320684b7292b 
Number of updated asset objects reloaded before import = 0
Number of asset objects unloaded after import = 0
========================================================================
Received Import Request.
  Time of request: 2026-08-17T11:23:07.5991012Z
  Time since last request: 0.0002414 seconds.
  importAddress: GUID: 89ffa359141b49fea9bfa6a1db3b18be - Path: Packages/com.unity.multiplayer.center/Tests/Editor/AssemblyInfo.cs - Importer: ScriptedImporter/UnityEditor.QuickSearchModule:UnityEditor.Search:ASIAI0B
Importing 'GUID: 89ffa359141b49fea9bfa6a1db3b18be - Path: Packages/com.unity.multiplayer.center/Tests/Editor/AssemblyInfo.cs - Importer: ScriptedImporter/UnityEditor.QuickSearchModule:UnityEditor.Search:ASIAI0B' with importer (ScriptedImporter : UnityEditor.QuickSearchModule:UnityEditor.Search:ASIAI0B)
Imported 'GUID: 89ffa359141b49fea9bfa6a1db3b18be' -> (Import Result ID: '673f4ebfbeef4ef696b3db6d6e8cd5db') in 0.003 seconds [static and dynamic dependencies]. Details - ImportResultOutputID=536ec927559bc6d28559a75dfebe8bcd DependenciesID=dbfa68874931c0b477010584926d0c23 StaticDependenciesID=bf82d4189def0f9bd9c693c228391a5e 
Number of updated asset objects reloaded before import = 0
Number of asset objects unloaded after import = 0
========================================================================
Received Import Request.
  Time of request: 2026-08-17T11:23:07.6022606Z
  Time since last request: 0.0003369 seconds.
  importAddress: GUID: d9beb5106d424f23902054f76d4b673d - Path: Packages/com.unity.multiplayer.center/Editor/Questionnaire/Logic.cs - Importer: ScriptedImporter/UnityEditor.QuickSearchModule:UnityEditor.Search:ASIAI0B
Importing 'GUID: d9beb5106d424f23902054f76d4b673d - Path: Packages/com.unity.multiplayer.center/Editor/Questionnaire/Logic.cs - Importer: ScriptedImporter/UnityEditor.QuickSearchModule:UnityEditor.Search:ASIAI0B' with importer (ScriptedImporter : UnityEditor.QuickSearchModule:UnityEditor.Search:ASIAI0B)
Imported 'GUID: d9beb5106d424f23902054f76d4b673d' -> (Import Result ID: 'dc592c080899f219205b5f6600031471') in 0.003 seconds [static and dynamic dependencies]. Details - ImportResultOutputID=4856ce659561132c5b6ac1e71f73b982 DependenciesID=831dbd314aac8ccad9354a470abf26f0 StaticDependenciesID=cc3577f7dcbf89a86ba8b2a54c471890 
Number of updated asset objects reloaded before import = 0
Number of asset objects unloaded after import = 0
========================================================================
Received Import Request.
  Time of request: 2026-08-17T11:23:07.6051837Z
  Time since last request: 0.0002593 seconds.
  importAddress: GUID: 23342257960b4b618e6f7c444137663c - Path: Packages/com.unity.multiplayer.center/Editor/Recommendations/PreReleaseHandling.cs - Importer: ScriptedImporter/UnityEditor.QuickSearchModule:UnityEditor.Search:ASIAI0B
Importing 'GUID: 23342257960b4b618e6f7c444137663c - Path: Packages/com.unity.multiplayer.center/Editor/Recommendations/PreReleaseHandling.cs - Importer: ScriptedImporter/UnityEditor.QuickSearchModule:UnityEditor.Search:ASIAI0B' with importer (ScriptedImporter : UnityEditor.QuickSearchModule:UnityEditor.Search:ASIAI0B)
Imported 'GUID: 23342257960b4b618e6f7c444137663c' -> (Import Result ID: 'aade88aa721ec1b78ebc062e899620ce') in 0.002 seconds [static and dynamic dependencies]. Details - ImportResultOutputID=22866b7e8d770aed1590805bbbe19cf4 DependenciesID=31f42e0914dc4d629685c35fd1f7cda7 StaticDependenciesID=c1c1a937d7e024ab13aaff6e63aefb1e 
Number of updated asset objects reloaded before import = 0
Number of asset objects unloaded after import = 0
========================================================================
Received Import Request.
  Time of request: 2026-08-17T11:23:07.6078264Z
  Time since last request: 0.0001999 seconds.
  importAddress: GUID: 15513aed5d41411c887ccfe14c103337 - Path: Packages/com.unity.multiplayer.center/Tests/Editor/UserChoicesMigrationTests.cs - Importer: ScriptedImporter/UnityEditor.QuickSearchModule:UnityEditor.Search:ASIAI0B
Importing 'GUID: 15513aed5d41411c887ccfe14c103337 - Path: Packages/com.unity.multiplayer.center/Tests/Editor/UserChoicesMigrationTests.cs - Importer: ScriptedImporter/UnityEditor.QuickSearchModule:UnityEditor.Search:ASIAI0B' with importer (ScriptedImporter : UnityEditor.QuickSearchModule:UnityEditor.Search:ASIAI0B)
Imported 'GUID: 15513aed5d41411c887ccfe14c103337' -> (Import Result ID: '67d2bce05b041089668c664e2374c0b1') in 0.002 seconds [static and dynamic dependencies]. Details - ImportResultOutputID=7c74b66682e67f5d558f83fb69cc77fc DependenciesID=53076502f68cbdfa4e040f94b38058a4 StaticDependenciesID=2ec4e89d151905138095e4b983a02960 
Number of updated asset objects reloaded before import = 0
Number of asset objects unloaded after import = 0
========================================================================
Received Import Request.
  Time of request: 2026-08-17T11:23:07.6104905Z
  Time since last request: 0.0002608 seconds.
  importAddress: GUID: f526d484b0c04a1896c469f31c713786 - Path: Packages/com.unity.multiplayer.center/Editor/Recommendations/Scoring.cs - Importer: ScriptedImporter/UnityEditor.QuickSearchModule:UnityEditor.Search:ASIAI0B
Importing 'GUID: f526d484b0c04a1896c469f31c713786 - Path: Packages/com.unity.multiplayer.center/Editor/Recommendations/Scoring.cs - Importer: ScriptedImporter/UnityEditor.QuickSearchModule:UnityEditor.Search:ASIAI0B' with importer (ScriptedImporter : UnityEditor.QuickSearchModule:UnityEditor.Search:ASIAI0B)
Imported 'GUID: f526d484b0c04a1896c469f31c713786' -> (Import Result ID: '8a5204f0f5744a853225b74b250bba57') in 0.003 seconds [static and dynamic dependencies]. Details - ImportResultOutputID=50140941424cc1202b94f909ea8d0101 DependenciesID=6ef63c60dcaf52cd8e0a392ee08c15ef StaticDependenciesID=eb8d61be74a7a97786e6d698354a52e6 
Number of updated asset objects reloaded before import = 0
Number of asset objects unloaded after import = 0
========================================================================
Received Import Request.
  Time of request: 2026-08-17T11:23:07.6137883Z
  Time since last request: 0.0002816 seconds.
  importAddress: GUID: c3677cd9ede84e78b2fff6331c6301da - Path: Packages/com.unity.multiplayer.center/Editor/Questionnaire/QuestionnaireObject.cs - Importer: ScriptedImporter/UnityEditor.QuickSearchModule:UnityEditor.Search:ASIAI0B
Importing 'GUID: c3677cd9ede84e78b2fff6331c6301da - Path: Packages/com.unity.multiplayer.center/Editor/Questionnaire/QuestionnaireObject.cs - Importer: ScriptedImporter/UnityEditor.QuickSearchModule:UnityEditor.Search:ASIAI0B' with importer (ScriptedImporter : UnityEditor.QuickSearchModule:UnityEditor.Search:ASIAI0B)
Imported 'GUID: c3677cd9ede84e78b2fff6331c6301da' -> (Import Result ID: 'd68e86a9a29effafb306adedd962be32') in 0.004 seconds [static and dynamic dependencies]. Details - ImportResultOutputID=75a4833bd89ca581b2fa292a9e05f8e7 DependenciesID=9b4b50484395237342d9c041fd0ce207 StaticDependenciesID=3a56606a70d3c4a783d59c6ec3be0a1a 
Number of updated asset objects reloaded before import = 0
Number of asset objects unloaded after import = 0
========================================================================
Received Import Request.
  Time of request: 2026-08-17T11:23:07.6182819Z
  Time since last request: 0.000445 seconds.
  importAddress: GUID: 0efb92c924574ec59b71b9185a6ed8fb - Path: Packages/com.unity.multiplayer.center/Tests/Editor/RecommendationTests.cs - Importer: ScriptedImporter/UnityEditor.QuickSearchModule:UnityEditor.Search:ASIAI0B
Importing 'GUID: 0efb92c924574ec59b71b9185a6ed8fb - Path: Packages/com.unity.multiplayer.center/Tests/Editor/RecommendationTests.cs - Importer: ScriptedImporter/UnityEditor.QuickSearchModule:UnityEditor.Search:ASIAI0B' with importer (ScriptedImporter : UnityEditor.QuickSearchModule:UnityEditor.Search:ASIAI0B)
Imported 'GUID: 0efb92c924574ec59b71b9185a6ed8fb' -> (Import Result ID: '82db72c625a0b4c8bd389ae6000f3495') in 0.004 seconds [static and dynamic dependencies]. Details - ImportResultOutputID=6ea4b897b73c7820eddbf6351b1b64e0 DependenciesID=88aae85cea2821a7a2e3dafcb07e426e StaticDependenciesID=b2b14ffd5422b3516bc98f702ea50aae 
Number of updated asset objects reloaded before import = 0
Number of asset objects unloaded after import = 0
========================================================================
Received Import Request.
  Time of request: 2026-08-17T11:23:07.6227926Z
  Time since last request: 0.0003165 seconds.
  importAddress: GUID: 4f78a544322c742b89e63fb68557b1d2 - Path: Packages/com.unity.multiplayer.center/Editor/MultiplayerCenterWindow/UI/Icons/Check.png - Importer: ScriptedImporter/UnityEditor.QuickSearchModule:UnityEditor.Search:ASIAI0B
Importing 'GUID: 4f78a544322c742b89e63fb68557b1d2 - Path: Packages/com.unity.multiplayer.center/Editor/MultiplayerCenterWindow/UI/Icons/Check.png - Importer: ScriptedImporter/UnityEditor.QuickSearchModule:UnityEditor.Search:ASIAI0B' with importer (ScriptedImporter : UnityEditor.QuickSearchModule:UnityEditor.Search:ASIAI0B)
Imported 'GUID: 4f78a544322c742b89e63fb68557b1d2' -> (Import Result ID: '07b6083bbf2ceb50ce1cb85dc4499ac7') in 0.008 seconds [static and dynamic dependencies]. Details - ImportResultOutputID=3680cae3d9002498e4468ce2d1f5fd94 DependenciesID=ad8569dc245a1939a1eb8230ce72a279 StaticDependenciesID=cd4151479c6272c469bc89541d04576c 
Number of updated asset objects reloaded before import = 0
Number of asset objects unloaded after import = 1
========================================================================
Received Import Request.
  Time of request: 2026-08-17T11:23:07.6309919Z
  Time since last request: 0.0003848 seconds.
  importAddress: GUID: 284da2a38ea043d69e1a38fd8a22bec9 - Path: Packages/com.unity.multiplayer.center/Tests/Editor/RecommenderSystemTests.cs - Importer: ScriptedImporter/UnityEditor.QuickSearchModule:UnityEditor.Search:ASIAI0B
Importing 'GUID: 284da2a38ea043d69e1a38fd8a22bec9 - Path: Packages/com.unity.multiplayer.center/Tests/Editor/RecommenderSystemTests.cs - Importer: ScriptedImporter/UnityEditor.QuickSearchModule:UnityEditor.Search:ASIAI0B' with importer (ScriptedImporter : UnityEditor.QuickSearchModule:UnityEditor.Search:ASIAI0B)
Imported 'GUID: 284da2a38ea043d69e1a38fd8a22bec9' -> (Import Result ID: '180c86aafc77bd388b995ea22dfb2d77') in 0.003 seconds [static and dynamic dependencies]. Details - ImportResultOutputID=b599ba330ea02590a9982d2fd54d0c64 DependenciesID=ae32b9130890667097e7b2076b1504c8 StaticDependenciesID=c1a62e9b6d7c0d04061e787f38f7e4e5 
Number of updated asset objects reloaded before import = 0
Number of asset objects unloaded after import = 0
========================================================================
Received Import Request.
  Time of request: 2026-08-17T11:23:07.6346179Z
  Time since last request: 0.0005945 seconds.
  importAddress: GUID: dce12af736e0a4a1ba35d6424f897dc9 - Path: Packages/com.unity.multiplayer.center/Editor/MultiplayerCenterWindow/UI/Icons/CustomNetcode.png - Importer: ScriptedImporter/UnityEditor.QuickSearchModule:UnityEditor.Search:ASIAI0B
Importing 'GUID: dce12af736e0a4a1ba35d6424f897dc9 - Path: Packages/com.unity.multiplayer.center/Editor/MultiplayerCenterWindow/UI/Icons/CustomNetcode.png - Importer: ScriptedImporter/UnityEditor.QuickSearchModule:UnityEditor.Search:ASIAI0B' with importer (ScriptedImporter : UnityEditor.QuickSearchModule:UnityEditor.Search:ASIAI0B)
Imported 'GUID: dce12af736e0a4a1ba35d6424f897dc9' -> (Import Result ID: 'eabe6547b60888dae596f3dbcf0836fa') in 0.020 seconds [static and dynamic dependencies]. Details - ImportResultOutputID=44b905f009ca5cb3028e14e591cb9bd9 DependenciesID=7177d58d9ebb29e7b5732ef136996f4a StaticDependenciesID=4d45e617a0c83a49cb01ae5caca51816 
Number of updated asset objects reloaded before import = 0
Number of asset objects unloaded after import = 1
========================================================================
Received Import Request.
  Time of request: 2026-08-17T11:23:07.6557043Z
  Time since last request: 0.000449 seconds.
  importAddress: GUID: b2ce704e56cc84fb3b347499263c6244 - Path: Packages/com.unity.multiplayer.center/Editor/MultiplayerCenterWindow/UI/Icons/ClientHosted.png - Importer: ScriptedImporter/UnityEditor.QuickSearchModule:UnityEditor.Search:ASIAI0B
Importing 'GUID: b2ce704e56cc84fb3b347499263c6244 - Path: Packages/com.unity.multiplayer.center/Editor/MultiplayerCenterWindow/UI/Icons/ClientHosted.png - Importer: ScriptedImporter/UnityEditor.QuickSearchModule:UnityEditor.Search:ASIAI0B' with importer (ScriptedImporter : UnityEditor.QuickSearchModule:UnityEditor.Search:ASIAI0B)
Imported 'GUID: b2ce704e56cc84fb3b347499263c6244' -> (Import Result ID: 'd98368b5fc96a9d3faecc0513a1c404f') in 0.016 seconds [static and dynamic dependencies]. Details - ImportResultOutputID=7348894367325022ea768d46caedd8a3 DependenciesID=6f343b363b6707c45eabf19d11f7fdaf StaticDependenciesID=5dac54b1acf2be5a3f81b195119fcefd 
Number of updated asset objects reloaded before import = 0
Number of asset objects unloaded after import = 1
========================================================================
Received Import Request.
  Time of request: 2026-08-17T11:23:07.672128Z
  Time since last request: 0.0002956 seconds.
  importAddress: GUID: bac00d6e07f0b4305bb395363c89d92b - Path: Packages/com.unity.multiplayer.center/Editor/MultiplayerCenterWindow/UI/MultiplayerCenterWindow.uss - Importer: ScriptedImporter/UnityEditor.QuickSearchModule:UnityEditor.Search:ASIAI0B
Importing 'GUID: bac00d6e07f0b4305bb395363c89d92b - Path: Packages/com.unity.multiplayer.center/Editor/MultiplayerCenterWindow/UI/MultiplayerCenterWindow.uss - Importer: ScriptedImporter/UnityEditor.QuickSearchModule:UnityEditor.Search:ASIAI0B' with importer (ScriptedImporter : UnityEditor.QuickSearchModule:UnityEditor.Search:ASIAI0B)
Imported 'GUID: bac00d6e07f0b4305bb395363c89d92b' -> (Import Result ID: '51d711fba9372f18ee49f4ceeb7e3e5a') in 0.096 seconds [static and dynamic dependencies]. Details - ImportResultOutputID=cde8847148b4d304531a940816e567a2 DependenciesID=4f68e5f4e85c30d1cb3e7d1cb01a394f StaticDependenciesID=dabd5ad7c445e3e9c5c0f4cfd9510713 
Number of updated asset objects reloaded before import = 0
Number of asset objects unloaded after import = 19
========================================================================
Received Import Request.
  Time of request: 2026-08-17T11:23:07.7685853Z
  Time since last request: 0.0000158 seconds.
  importAddress: GUID: b6a02e450cd04bb781e7728f2056251c - Path: Packages/com.unity.multiplayer.center/Editor/Recommendations/RecommenderSystemDataObject.cs - Importer: ScriptedImporter/UnityEditor.QuickSearchModule:UnityEditor.Search:ASIAI0B
Importing 'GUID: b6a02e450cd04bb781e7728f2056251c - Path: Packages/com.unity.multiplayer.center/Editor/Recommendations/RecommenderSystemDataObject.cs - Importer: ScriptedImporter/UnityEditor.QuickSearchModule:UnityEditor.Search:ASIAI0B' with importer (ScriptedImporter : UnityEditor.QuickSearchModule:UnityEditor.Search:ASIAI0B)
Imported 'GUID: b6a02e450cd04bb781e7728f2056251c' -> (Import Result ID: '85002440e59a5c88036dc8c0782085cb') in 0.004 seconds [static and dynamic dependencies]. Details - ImportResultOutputID=da6018b90f6afbe29c29a24a19332b0a DependenciesID=51514f5ab9901f88bea7dd564d156399 StaticDependenciesID=b616c3cb0cfdd02f283a4fc67b40feec 
Number of updated asset objects reloaded before import = 0
Number of asset objects unloaded after import = 0
========================================================================
Received Import Request.
  Time of request: 2026-08-17T11:23:07.7728412Z
  Time since last request: 0.000257 seconds.
  importAddress: GUID: a6fd0c627f5aa48fa81512221e70a11e - Path: Packages/com.unity.multiplayer.center/Editor/MultiplayerCenterWindow/UI/Icons/d_PackageManager@2x.png - Importer: ScriptedImporter/UnityEditor.QuickSearchModule:UnityEditor.Search:ASIAI0B
Importing 'GUID: a6fd0c627f5aa48fa81512221e70a11e - Path: Packages/com.unity.multiplayer.center/Editor/MultiplayerCenterWindow/UI/Icons/d_PackageManager@2x.png - Importer: ScriptedImporter/UnityEditor.QuickSearchModule:UnityEditor.Search:ASIAI0B' with importer (ScriptedImporter : UnityEditor.QuickSearchModule:UnityEditor.Search:ASIAI0B)
Imported 'GUID: a6fd0c627f5aa48fa81512221e70a11e' -> (Import Result ID: 'ff04c43ce6b72a390fc846b27faa17fd') in 0.012 seconds [static and dynamic dependencies]. Details - ImportResultOutputID=79bcf585b2378c61aed064db844bd486 DependenciesID=79771625120b2103d3f7a76463924860 StaticDependenciesID=93961c3ee2d52b81fc6e42f292ae9582 
Number of updated asset objects reloaded before import = 0
Number of asset objects unloaded after import = 1
========================================================================
Received Import Request.
  Time of request: 2026-08-17T11:23:07.7853053Z
  Time since last request: 0.0001997 seconds.
  importAddress: GUID: 2664430aff4254d79887d32c3fc1e221 - Path: Packages/com.unity.multiplayer.center/Tests/Runtime/Unity.Multiplayer.Center.Tests.asmdef - Importer: ScriptedImporter/UnityEditor.QuickSearchModule:UnityEditor.Search:ASIAI0B
Importing 'GUID: 2664430aff4254d79887d32c3fc1e221 - Path: Packages/com.unity.multiplayer.center/Tests/Runtime/Unity.Multiplayer.Center.Tests.asmdef - Importer: ScriptedImporter/UnityEditor.QuickSearchModule:UnityEditor.Search:ASIAI0B' with importer (ScriptedImporter : UnityEditor.QuickSearchModule:UnityEditor.Search:ASIAI0B)
Imported 'GUID: 2664430aff4254d79887d32c3fc1e221' -> (Import Result ID: 'a73334b5c159f2798644a2ee17712658') in 0.009 seconds [static and dynamic dependencies]. Details - ImportResultOutputID=2a4db0fc49fd2e647f38142df3c85b11 DependenciesID=453cdd8210318e502791cbd52ac7efd8 StaticDependenciesID=ca4b829660ccc8df2c277de5af639f20 
Number of updated asset objects reloaded before import = 0
Number of asset objects unloaded after import = 1
========================================================================
Received Import Request.
  Time of request: 2026-08-17T11:23:07.794752Z
  Time since last request: 0.0002287 seconds.
  importAddress: GUID: 18cde282a8d045bf9d245fdcfaa7271b - Path: Packages/com.unity.multiplayer.center/Editor/Questionnaire/UserChoicesObject.cs - Importer: ScriptedImporter/UnityEditor.QuickSearchModule:UnityEditor.Search:ASIAI0B
Importing 'GUID: 18cde282a8d045bf9d245fdcfaa7271b - Path: Packages/com.unity.multiplayer.center/Editor/Questionnaire/UserChoicesObject.cs - Importer: ScriptedImporter/UnityEditor.QuickSearchModule:UnityEditor.Search:ASIAI0B' with importer (ScriptedImporter : UnityEditor.QuickSearchModule:UnityEditor.Search:ASIAI0B)
Imported 'GUID: 18cde282a8d045bf9d245fdcfaa7271b' -> (Import Result ID: '4e98120bd86b09fd5b7b05c7993612be') in 0.002 seconds [static and dynamic dependencies]. Details - ImportResultOutputID=b5aaf29630d9af92e4c06de748068b2e DependenciesID=d3b970e7cb572a210c2500edff0068ec StaticDependenciesID=2467bf363f0cb0727f74f3f7e0041bb0 
Number of updated asset objects reloaded before import = 0
Number of asset objects unloaded after import = 0
========================================================================
Received Import Request.
  Time of request: 2026-08-17T11:23:07.7974727Z
  Time since last request: 0.0002297 seconds.
  importAddress: GUID: 318df756abab5463e9aa361360784865 - Path: Packages/com.unity.multiplayer.center/Editor/MultiplayerCenterWindow/UI/Icons/d_PackageInstalled@2x.png - Importer: ScriptedImporter/UnityEditor.QuickSearchModule:UnityEditor.Search:ASIAI0B
Importing 'GUID: 318df756abab5463e9aa361360784865 - Path: Packages/com.unity.multiplayer.center/Editor/MultiplayerCenterWindow/UI/Icons/d_PackageInstalled@2x.png - Importer: ScriptedImporter/UnityEditor.QuickSearchModule:UnityEditor.Search:ASIAI0B' with importer (ScriptedImporter : UnityEditor.QuickSearchModule:UnityEditor.Search:ASIAI0B)
Imported 'GUID: 318df756abab5463e9aa361360784865' -> (Import Result ID: '8a0cc9e9a5c1c8ed6524b8ea838830c7') in 0.012 seconds [static and dynamic dependencies]. Details - ImportResultOutputID=b3887008e823c4aa90864003f4cc341a DependenciesID=c150372f88808d02475cf0ca8c46a64b StaticDependenciesID=e98ee94ff34a93256015b8b71b0aa038 
Number of updated asset objects reloaded before import = 0
Number of asset objects unloaded after import = 1
========================================================================
Received Import Request.
  Time of request: 2026-08-17T11:23:07.8096328Z
  Time since last request: 0.0002649 seconds.
  importAddress: GUID: 84e4bbd00035e4671bf14e0380a89001 - Path: Packages/com.unity.multiplayer.center/Editor/MultiplayerCenterWindow/UI/Icons/EmptyViewIcon.png - Importer: ScriptedImporter/UnityEditor.QuickSearchModule:UnityEditor.Search:ASIAI0B
Importing 'GUID: 84e4bbd00035e4671bf14e0380a89001 - Path: Packages/com.unity.multiplayer.center/Editor/MultiplayerCenterWindow/UI/Icons/EmptyViewIcon.png - Importer: ScriptedImporter/UnityEditor.QuickSearchModule:UnityEditor.Search:ASIAI0B' with importer (ScriptedImporter : UnityEditor.QuickSearchModule:UnityEditor.Search:ASIAI0B)
Imported 'GUID: 84e4bbd00035e4671bf14e0380a89001' -> (Import Result ID: '04ab13ba53050ef2be6821d87f31c0ac') in 0.007 seconds [static and dynamic dependencies]. Details - ImportResultOutputID=8159e43b023a7b0be8a81fa24b63d183 DependenciesID=98d3c8bcd48a087909481b95b916be77 StaticDependenciesID=9b8072141b80592221d304f41e3b3374 
Number of updated asset objects reloaded before import = 0
Number of asset objects unloaded after import = 1
========================================================================
Received Import Request.
  Time of request: 2026-08-17T11:23:07.8174912Z
  Time since last request: 0.0002679 seconds.
  importAddress: GUID: 71b3035ad4d343cbbe033e93369d187e - Path: Packages/com.unity.multiplayer.center/Editor/Recommendations/RecommendationAuthoringData.cs - Importer: ScriptedImporter/UnityEditor.QuickSearchModule:UnityEditor.Search:ASIAI0B
Importing 'GUID: 71b3035ad4d343cbbe033e93369d187e - Path: Packages/com.unity.multiplayer.center/Editor/Recommendations/RecommendationAuthoringData.cs - Importer: ScriptedImporter/UnityEditor.QuickSearchModule:UnityEditor.Search:ASIAI0B' with importer (ScriptedImporter : UnityEditor.QuickSearchModule:UnityEditor.Search:ASIAI0B)
Imported 'GUID: 71b3035ad4d343cbbe033e93369d187e' -> (Import Result ID: '2b271868457570988b3a7d6fb359547e') in 0.003 seconds [static and dynamic dependencies]. Details - ImportResultOutputID=03e97a4a07bea60c69aad5aa17b064d6 DependenciesID=a9943d215752276585767d432019bac1 StaticDependenciesID=7f3337417eb41703e37a52f8a5d8ae56 
Number of updated asset objects reloaded before import = 0
Number of asset objects unloaded after import = 0
========================================================================
Received Import Request.
  Time of request: 2026-08-17T11:23:07.8206115Z
  Time since last request: 0.0004379 seconds.
  importAddress: GUID: 1984cd07fe96417f9e88f5771f6b4b32 - Path: Packages/com.unity.multiplayer.center/Editor/MultiplayerCenterWindow/UI/dark.uss - Importer: ScriptedImporter/UnityEditor.QuickSearchModule:UnityEditor.Search:ASIAI0B
Importing 'GUID: 1984cd07fe96417f9e88f5771f6b4b32 - Path: Packages/com.unity.multiplayer.center/Editor/MultiplayerCenterWindow/UI/dark.uss - Importer: ScriptedImporter/UnityEditor.QuickSearchModule:UnityEditor.Search:ASIAI0B' with importer (ScriptedImporter : UnityEditor.QuickSearchModule:UnityEditor.Search:ASIAI0B)
Imported 'GUID: 1984cd07fe96417f9e88f5771f6b4b32' -> (Import Result ID: '2431a0b9c63afe8d8ea0723c3daff6f0') in 0.012 seconds [static and dynamic dependencies]. Details - ImportResultOutputID=33424638790f7c021f6048159733dc78 DependenciesID=6a5b1312b86f2a7657d9d3e7c68b483b StaticDependenciesID=88653429d607cb38daa99bd3b24408c2 
Number of updated asset objects reloaded before import = 0
Number of asset objects unloaded after import = 9
========================================================================
Received Import Request.
  Time of request: 2026-08-17T11:23:07.8331435Z
  Time since last request: 0.0000149 seconds.
  importAddress: GUID: bcf305fff4614e26a6979b63e954f6d6 - Path: Packages/com.unity.multiplayer.center/Editor/MultiplayerCenterWindow/UI/QuestionnaireView.cs - Importer: ScriptedImporter/UnityEditor.QuickSearchModule:UnityEditor.Search:ASIAI0B
Importing 'GUID: bcf305fff4614e26a6979b63e954f6d6 - Path: Packages/com.unity.multiplayer.center/Editor/MultiplayerCenterWindow/UI/QuestionnaireView.cs - Importer: ScriptedImporter/UnityEditor.QuickSearchModule:UnityEditor.Search:ASIAI0B' with importer (ScriptedImporter : UnityEditor.QuickSearchModule:UnityEditor.Search:ASIAI0B)
Imported 'GUID: bcf305fff4614e26a6979b63e954f6d6' -> (Import Result ID: 'ab4db0ed88521e14a9de67ef2eca6b40') in 0.003 seconds [static and dynamic dependencies]. Details - ImportResultOutputID=7a6830a9d6e9b176c30f2620ed5e8552 DependenciesID=d057689c475fc8f61c3304dc542c3934 StaticDependenciesID=fe92a2b779dec5c8f4d5aaa0472315f6 
Number of updated asset objects reloaded before import = 0
Number of asset objects unloaded after import = 0
========================================================================
Received Import Request.
  Time of request: 2026-08-17T11:23:07.8365451Z
  Time since last request: 0.0004198 seconds.
  importAddress: GUID: ea491f91a8b84866ad13371715bf90c8 - Path: Packages/com.unity.multiplayer.center/Tests/Editor/LogicTests.cs - Importer: ScriptedImporter/UnityEditor.QuickSearchModule:UnityEditor.Search:ASIAI0B
Importing 'GUID: ea491f91a8b84866ad13371715bf90c8 - Path: Packages/com.unity.multiplayer.center/Tests/Editor/LogicTests.cs - Importer: ScriptedImporter/UnityEditor.QuickSearchModule:UnityEditor.Search:ASIAI0B' with importer (ScriptedImporter : UnityEditor.QuickSearchModule:UnityEditor.Search:ASIAI0B)
Imported 'GUID: ea491f91a8b84866ad13371715bf90c8' -> (Import Result ID: '1b2383b9a4a6c4043f45d376b0dc43ac') in 0.003 seconds [static and dynamic dependencies]. Details - ImportResultOutputID=e581925fc522ac798ade715acc463b8d DependenciesID=7f2afba13a56e00c91af188d8dcb0428 StaticDependenciesID=93c5ee8944326fc661df83ccec71a922 
Number of updated asset objects reloaded before import = 0
Number of asset objects unloaded after import = 0
========================================================================
Received Import Request.
  Time of request: 2026-08-17T11:23:07.8397459Z
  Time since last request: 0.0002236 seconds.
  importAddress: GUID: 470a2d15035f44b7b2888a0db0704bff - Path: Packages/com.unity.multiplayer.center/Tests/Editor/TabGroupTests.cs - Importer: ScriptedImporter/UnityEditor.QuickSearchModule:UnityEditor.Search:ASIAI0B
Importing 'GUID: 470a2d15035f44b7b2888a0db0704bff - Path: Packages/com.unity.multiplayer.center/Tests/Editor/TabGroupTests.cs - Importer: ScriptedImporter/UnityEditor.QuickSearchModule:UnityEditor.Search:ASIAI0B' with importer (ScriptedImporter : UnityEditor.QuickSearchModule:UnityEditor.Search:ASIAI0B)
Imported 'GUID: 470a2d15035f44b7b2888a0db0704bff' -> (Import Result ID: '2584de02d9cb4b1970704faca3dca2f5') in 0.002 seconds [static and dynamic dependencies]. Details - ImportResultOutputID=8e895fc27b219133e307cb8885851e73 DependenciesID=3d1d8d75323ce4afb0ac8446655843c4 StaticDependenciesID=62649842ae29c31d7cd4ba6114379ab6 
Number of updated asset objects reloaded before import = 0
Number of asset objects unloaded after import = 0
========================================================================
Received Import Request.
  Time of request: 2026-08-17T11:23:07.842502Z
  Time since last request: 0.0003546 seconds.
  importAddress: GUID: 2adffcc506285402aa795dee6f3166d0 - Path: Packages/com.unity.multiplayer.center/Editor/MultiplayerCenterWindow/UI/Icons/EmptyViewIcon@2x.png - Importer: ScriptedImporter/UnityEditor.QuickSearchModule:UnityEditor.Search:ASIAI0B
Importing 'GUID: 2adffcc506285402aa795dee6f3166d0 - Path: Packages/com.unity.multiplayer.center/Editor/MultiplayerCenterWindow/UI/Icons/EmptyViewIcon@2x.png - Importer: ScriptedImporter/UnityEditor.QuickSearchModule:UnityEditor.Search:ASIAI0B' with importer (ScriptedImporter : UnityEditor.QuickSearchModule:UnityEditor.Search:ASIAI0B)
Imported 'GUID: 2adffcc506285402aa795dee6f3166d0' -> (Import Result ID: '725d5c5727e372e17f905af4afdf4867') in 0.006 seconds [static and dynamic dependencies]. Details - ImportResultOutputID=a4442679cd29f356f9bcbf057ba8aeab DependenciesID=9c10f783325ab4bcb674d99552082935 StaticDependenciesID=0bacef1520e749616cf5e362a3bae68c 
Number of updated asset objects reloaded before import = 0
Number of asset objects unloaded after import = 1
========================================================================
Received Import Request.
  Time of request: 2026-08-17T11:23:07.8488542Z
  Time since last request: 0.0002492 seconds.
  importAddress: GUID: c7a38e6eccbfc49778cb8b77f594a971 - Path: Packages/com.unity.multiplayer.center/Editor/MultiplayerCenterWindow/UI/Icons/ClientHosted@2x.png - Importer: ScriptedImporter/UnityEditor.QuickSearchModule:UnityEditor.Search:ASIAI0B
Importing 'GUID: c7a38e6eccbfc49778cb8b77f594a971 - Path: Packages/com.unity.multiplayer.center/Editor/MultiplayerCenterWindow/UI/Icons/ClientHosted@2x.png - Importer: ScriptedImporter/UnityEditor.QuickSearchModule:UnityEditor.Search:ASIAI0B' with importer (ScriptedImporter : UnityEditor.QuickSearchModule:UnityEditor.Search:ASIAI0B)
Imported 'GUID: c7a38e6eccbfc49778cb8b77f594a971' -> (Import Result ID: 'a2ce9d82ff6adea0f0aa5e3b12145c93') in 0.005 seconds [static and dynamic dependencies]. Details - ImportResultOutputID=2b05c60243a4076cdb7d0a904bcdc263 DependenciesID=bf59a169fc247c5e088c991efe6f5ccd StaticDependenciesID=7687b4e7a78c54aa6a80cbdb018ddd20 
Number of updated asset objects reloaded before import = 0
Number of asset objects unloaded after import = 1
========================================================================
Received Import Request.
  Time of request: 2026-08-17T11:23:07.8704916Z
  Time since last request: 0.0164423 seconds.
  importAddress: GUID: 679f9999c6f8f497e806a2d5d0511879 - Path: Packages/com.unity.multiplayer.center/Editor/MultiplayerCenterWindow/UI/Icons/PackageManager.png - Importer: ScriptedImporter/UnityEditor.QuickSearchModule:UnityEditor.Search:ASIAI0B
Importing 'GUID: 679f9999c6f8f497e806a2d5d0511879 - Path: Packages/com.unity.multiplayer.center/Editor/MultiplayerCenterWindow/UI/Icons/PackageManager.png - Importer: ScriptedImporter/UnityEditor.QuickSearchModule:UnityEditor.Search:ASIAI0B' with importer (ScriptedImporter : UnityEditor.QuickSearchModule:UnityEditor.Search:ASIAI0B)
Imported 'GUID: 679f9999c6f8f497e806a2d5d0511879' -> (Import Result ID: '9d618967eaddb26ca7bc866ae59fa5e1') in 0.005 seconds [static and dynamic dependencies]. Details - ImportResultOutputID=8b9374c06bedc2e928e2da845b3a13a2 DependenciesID=dcf115bdf58ae090652d1fc6729df265 StaticDependenciesID=583aa5f31f73d70eff4bb3713d968ae3 
Number of updated asset objects reloaded before import = 0
Number of asset objects unloaded after import = 1
========================================================================
Received Import Request.
  Time of request: 2026-08-17T11:23:07.876135Z
  Time since last request: 0.0002628 seconds.
  importAddress: GUID: 96d14b71b907bb52333b2886e665aba6 - Path: Packages/com.unity.modules.video/package.json - Importer: ScriptedImporter/UnityEditor.QuickSearchModule:UnityEditor.Search:ASIAI0B
Importing 'GUID: 96d14b71b907bb52333b2886e665aba6 - Path: Packages/com.unity.modules.video/package.json - Importer: ScriptedImporter/UnityEditor.QuickSearchModule:UnityEditor.Search:ASIAI0B' with importer (ScriptedImporter : UnityEditor.QuickSearchModule:UnityEditor.Search:ASIAI0B)
Imported 'GUID: 96d14b71b907bb52333b2886e665aba6' -> (Import Result ID: '0adfbc418b1315f18c816d1e1ed9d834') in 0.010 seconds [static and dynamic dependencies]. Details - ImportResultOutputID=2312fef4e35d0f49402c868899d24777 DependenciesID=0fe8055ed0c504e918d91399e28235d4 StaticDependenciesID=073931a34670a2b446a70be469f0bdf1 
Number of updated asset objects reloaded before import = 0
Number of asset objects unloaded after import = 1
========================================================================
Received Import Request.
  Time of request: 2026-08-17T11:23:07.886053Z
  Time since last request: 0.0002018 seconds.
  importAddress: GUID: fe6a6957b37b61417b457a1e0541791d - Path: Packages/com.unity.modules.physics2d/package.ModuleCompilationTrigger - Importer: ScriptedImporter/UnityEditor.QuickSearchModule:UnityEditor.Search:ASIAI0B
Importing 'GUID: fe6a6957b37b61417b457a1e0541791d - Path: Packages/com.unity.modules.physics2d/package.ModuleCompilationTrigger - Importer: ScriptedImporter/UnityEditor.QuickSearchModule:UnityEditor.Search:ASIAI0B' with importer (ScriptedImporter : UnityEditor.QuickSearchModule:UnityEditor.Search:ASIAI0B)
Imported 'GUID: fe6a6957b37b61417b457a1e0541791d' -> (Import Result ID: '1b6376c06ea235eb6d2b6e7ca8df8a8f') in 0.002 seconds [static and dynamic dependencies]. Details - ImportResultOutputID=d5fb7b9ec9d653e001212f4b398ede11 DependenciesID=5647ce72b3768bb8c45992f340f20e6e StaticDependenciesID=69dee1165741315e2436e76a95d2009a 
Number of updated asset objects reloaded before import = 0
Number of asset objects unloaded after import = 1
========================================================================
Received Import Request.
  Time of request: 2026-08-17T11:23:07.8884942Z
  Time since last request: 0.000201 seconds.
  importAddress: GUID: 5262b119dc3e4259a40e6d93c8ea1048 - Path: Packages/com.unity.multiplayer.center/Editor/MultiplayerCenterWindow/UI/RecommendationView/PackageSelectionView.cs - Importer: ScriptedImporter/UnityEditor.QuickSearchModule:UnityEditor.Search:ASIAI0B
Importing 'GUID: 5262b119dc3e4259a40e6d93c8ea1048 - Path: Packages/com.unity.multiplayer.center/Editor/MultiplayerCenterWindow/UI/RecommendationView/PackageSelectionView.cs - Importer: ScriptedImporter/UnityEditor.QuickSearchModule:UnityEditor.Search:ASIAI0B' with importer (ScriptedImporter : UnityEditor.QuickSearchModule:UnityEditor.Search:ASIAI0B)
Imported 'GUID: 5262b119dc3e4259a40e6d93c8ea1048' -> (Import Result ID: '78b5316ced926f005d333f5b7c09a233') in 0.003 seconds [static and dynamic dependencies]. Details - ImportResultOutputID=f89b4ec281f37a39eb196b9fec6909cb DependenciesID=729b760bc8aba634612d1f08fda328f2 StaticDependenciesID=9ad5c564a8872d555152dd7b27f5a341 
Number of updated asset objects reloaded before import = 0
Number of asset objects unloaded after import = 0
========================================================================
Received Import Request.
  Time of request: 2026-08-17T11:23:07.891433Z
  Time since last request: 0.0002503 seconds.
  importAddress: GUID: 4745d06d5a7ca576dcf9e5e67b417652 - Path: Packages/com.unity.modules.accessibility/package.ModuleCompilationTrigger - Importer: ScriptedImporter/UnityEditor.QuickSearchModule:UnityEditor.Search:ASIAI0B
Importing 'GUID: 4745d06d5a7ca576dcf9e5e67b417652 - Path: Packages/com.unity.modules.accessibility/package.ModuleCompilationTrigger - Importer: ScriptedImporter/UnityEditor.QuickSearchModule:UnityEditor.Search:ASIAI0B' with importer (ScriptedImporter : UnityEditor.QuickSearchModule:UnityEditor.Search:ASIAI0B)
Imported 'GUID: 4745d06d5a7ca576dcf9e5e67b417652' -> (Import Result ID: '5c2752f6a18ff9a423a3acd6cd4f3e81') in 0.002 seconds [static and dynamic dependencies]. Details - ImportResultOutputID=dc9813b819464d008135b464bc134e98 DependenciesID=981cd5d76296a12fcfe1d943344811ff StaticDependenciesID=688c0e5efd6dd3e300a07c96635167d9 
Number of updated asset objects reloaded before import = 0
Number of asset objects unloaded after import = 1
========================================================================
Received Import Request.
  Time of request: 2026-08-17T11:23:07.8941465Z
  Time since last request: 0.0002025 seconds.
  importAddress: GUID: f1e4f3f59aa446bfb097357fa8ad4a8b - Path: Packages/com.unity.multiplayer.center/Editor/MultiplayerCenterWindow/UI/RecommendationView/SolutionSelectionView.cs - Importer: ScriptedImporter/UnityEditor.QuickSearchModule:UnityEditor.Search:ASIAI0B
Importing 'GUID: f1e4f3f59aa446bfb097357fa8ad4a8b - Path: Packages/com.unity.multiplayer.center/Editor/MultiplayerCenterWindow/UI/RecommendationView/SolutionSelectionView.cs - Importer: ScriptedImporter/UnityEditor.QuickSearchModule:UnityEditor.Search:ASIAI0B' with importer (ScriptedImporter : UnityEditor.QuickSearchModule:UnityEditor.Search:ASIAI0B)
Imported 'GUID: f1e4f3f59aa446bfb097357fa8ad4a8b' -> (Import Result ID: '8ea43acd8c6796c919f720915a1314aa') in 0.002 seconds [static and dynamic dependencies]. Details - ImportResultOutputID=febb907e2bf6e068c5c239e0360ca4cf DependenciesID=0ebf98aa4cbfdbea24e41b24657e20e8 StaticDependenciesID=29b9f17b09cf755a8f8616a8d4d607e6 
Number of updated asset objects reloaded before import = 0
Number of asset objects unloaded after import = 0
========================================================================
Received Import Request.
  Time of request: 2026-08-17T11:23:07.8966671Z
  Time since last request: 0.0002813 seconds.
  importAddress: GUID: 9b1a5759726ef9d39a0ab82047b615f1 - Path: Packages/com.unity.modules.hierarchycore/package.json - Importer: ScriptedImporter/UnityEditor.QuickSearchModule:UnityEditor.Search:ASIAI0B
Importing 'GUID: 9b1a5759726ef9d39a0ab82047b615f1 - Path: Packages/com.unity.modules.hierarchycore/package.json - Importer: ScriptedImporter/UnityEditor.QuickSearchModule:UnityEditor.Search:ASIAI0B' with importer (ScriptedImporter : UnityEditor.QuickSearchModule:UnityEditor.Search:ASIAI0B)
Imported 'GUID: 9b1a5759726ef9d39a0ab82047b615f1' -> (Import Result ID: 'd6c38cb03fe0d54f908bb430d9b4fffa') in 0.011 seconds [static and dynamic dependencies]. Details - ImportResultOutputID=cf8fc4f443fe3b127e27af22a1fd6d6f DependenciesID=c909f8c6a65121a971da3658eac7cf7b StaticDependenciesID=c0251f123f56545e175e44a9c3bd92c1 
Number of updated asset objects reloaded before import = 0
Number of asset objects unloaded after import = 1
========================================================================
Received Import Request.
  Time of request: 2026-08-17T11:23:07.9076348Z
  Time since last request: 0.0002143 seconds.
  importAddress: GUID: c82e859b16636ddd2ca4a1f63fd34938 - Path: Packages/com.unity.modules.androidjni/package.ModuleCompilationTrigger - Importer: ScriptedImporter/UnityEditor.QuickSearchModule:UnityEditor.Search:ASIAI0B
Importing 'GUID: c82e859b16636ddd2ca4a1f63fd34938 - Path: Packages/com.unity.modules.androidjni/package.ModuleCompilationTrigger - Importer: ScriptedImporter/UnityEditor.QuickSearchModule:UnityEditor.Search:ASIAI0B' with importer (ScriptedImporter : UnityEditor.QuickSearchModule:UnityEditor.Search:ASIAI0B)
Imported 'GUID: c82e859b16636ddd2ca4a1f63fd34938' -> (Import Result ID: 'be02793e50c3c6e2c06788e41748e36b') in 0.003 seconds [static and dynamic dependencies]. Details - ImportResultOutputID=a0c55a5f5fac30f9c485844fa6ea0973 DependenciesID=15ceb2d158639abc81ac6012baab6d32 StaticDependenciesID=3c85765e871405360eb6bfd56717e9d9 
Number of updated asset objects reloaded before import = 0
Number of asset objects unloaded after import = 1
========================================================================
Received Import Request.
  Time of request: 2026-08-17T11:23:07.9107459Z
  Time since last request: 0.0002301 seconds.
  importAddress: GUID: 0423146d9f51c4563a0f2a8200b6cd38 - Path: Packages/com.unity.multiplayer.center/Editor/MultiplayerCenterWindow/UI/Icons/PackageInstalled@2x.png - Importer: ScriptedImporter/UnityEditor.QuickSearchModule:UnityEditor.Search:ASIAI0B
Importing 'GUID: 0423146d9f51c4563a0f2a8200b6cd38 - Path: Packages/com.unity.multiplayer.center/Editor/MultiplayerCenterWindow/UI/Icons/PackageInstalled@2x.png - Importer: ScriptedImporter/UnityEditor.QuickSearchModule:UnityEditor.Search:ASIAI0B' with importer (ScriptedImporter : UnityEditor.QuickSearchModule:UnityEditor.Search:ASIAI0B)
Imported 'GUID: 0423146d9f51c4563a0f2a8200b6cd38' -> (Import Result ID: 'fa3a17bf67eec5bf4ccfbed7525ceb86') in 0.005 seconds [static and dynamic dependencies]. Details - ImportResultOutputID=340e0cdbe9c70fa9293dba6915c178e1 DependenciesID=458d3609582f70601b067ba2a696004a StaticDependenciesID=b8b968fc5596f1db774620a7cbbdd8f1 
Number of updated asset objects reloaded before import = 0
Number of asset objects unloaded after import = 1
========================================================================
Received Import Request.
  Time of request: 2026-08-17T11:23:07.9163496Z
  Time since last request: 0.0002381 seconds.
  importAddress: GUID: 4c413a81cadcce7038e446e56570117e - Path: Packages/com.unity.modules.adaptiveperformance/package.json - Importer: ScriptedImporter/UnityEditor.QuickSearchModule:UnityEditor.Search:ASIAI0B
Importing 'GUID: 4c413a81cadcce7038e446e56570117e - Path: Packages/com.unity.modules.adaptiveperformance/package.json - Importer: ScriptedImporter/UnityEditor.QuickSearchModule:UnityEditor.Search:ASIAI0B' with importer (ScriptedImporter : UnityEditor.QuickSearchModule:UnityEditor.Search:ASIAI0B)
Imported 'GUID: 4c413a81cadcce7038e446e56570117e' -> (Import Result ID: '46edc7d06cc4b16267a7445af0a76e10') in 0.011 seconds [static and dynamic dependencies]. Details - ImportResultOutputID=76c016bdc92cdece4bf738e31af55694 DependenciesID=0522fdef959f075715f8240f84a74a1c StaticDependenciesID=7940d73867baf2fb14393bf86bb7e0f8 
Number of updated asset objects reloaded before import = 0
Number of asset objects unloaded after import = 1
========================================================================
Received Import Request.
  Time of request: 2026-08-17T11:23:07.9274832Z
  Time since last request: 0.0002161 seconds.
  importAddress: GUID: 8d4bc6bfa28760b29f13174d6b6ea710 - Path: Packages/com.unity.modules.subsystems/package.ModuleCompilationTrigger - Importer: ScriptedImporter/UnityEditor.QuickSearchModule:UnityEditor.Search:ASIAI0B
Importing 'GUID: 8d4bc6bfa28760b29f13174d6b6ea710 - Path: Packages/com.unity.modules.subsystems/package.ModuleCompilationTrigger - Importer: ScriptedImporter/UnityEditor.QuickSearchModule:UnityEditor.Search:ASIAI0B' with importer (ScriptedImporter : UnityEditor.QuickSearchModule:UnityEditor.Search:ASIAI0B)
Imported 'GUID: 8d4bc6bfa28760b29f13174d6b6ea710' -> (Import Result ID: 'e5b310d97c8aa645005ebc768c928294') in 0.002 seconds [static and dynamic dependencies]. Details - ImportResultOutputID=2d12df0249b6d185c521a96d102e5e6b DependenciesID=e8246deba088f5278f08ba7a5f1bc462 StaticDependenciesID=569c3bbc6c705a7e74b59b6b04cd2a88 
Number of updated asset objects reloaded before import = 0
Number of asset objects unloaded after import = 1
========================================================================
Received Import Request.
  Time of request: 2026-08-17T11:23:07.9300581Z
  Time since last request: 0.0002196 seconds.
  importAddress: GUID: 082fbee38a82835433261a5e9c00e267 - Path: Packages/com.unity.modules.cloth/package.ModuleCompilationTrigger - Importer: ScriptedImporter/UnityEditor.QuickSearchModule:UnityEditor.Search:ASIAI0B
Importing 'GUID: 082fbee38a82835433261a5e9c00e267 - Path: Packages/com.unity.modules.cloth/package.ModuleCompilationTrigger - Importer: ScriptedImporter/UnityEditor.QuickSearchModule:UnityEditor.Search:ASIAI0B' with importer (ScriptedImporter : UnityEditor.QuickSearchModule:UnityEditor.Search:ASIAI0B)
Imported 'GUID: 082fbee38a82835433261a5e9c00e267' -> (Import Result ID: '2caf8e0d86efe2bcc10dd912c801a27e') in 0.002 seconds [static and dynamic dependencies]. Details - ImportResultOutputID=db14df8d339ac2d72f77b26180417a74 DependenciesID=6c464e779d573d558278c25ac805e934 StaticDependenciesID=88a1ddda8b89766c5359df6f48efd9a6 
Number of updated asset objects reloaded before import = 0
Number of asset objects unloaded after import = 1
========================================================================
Received Import Request.
  Time of request: 2026-08-17T11:23:07.9325786Z
  Time since last request: 0.0001901 seconds.
  importAddress: GUID: 51fa60bb2bd1e5bc74e8cc95a7bfd5b7 - Path: Packages/com.unity.modules.ui/package.ModuleCompilationTrigger - Importer: ScriptedImporter/UnityEditor.QuickSearchModule:UnityEditor.Search:ASIAI0B
Importing 'GUID: 51fa60bb2bd1e5bc74e8cc95a7bfd5b7 - Path: Packages/com.unity.modules.ui/package.ModuleCompilationTrigger - Importer: ScriptedImporter/UnityEditor.QuickSearchModule:UnityEditor.Search:ASIAI0B' with importer (ScriptedImporter : UnityEditor.QuickSearchModule:UnityEditor.Search:ASIAI0B)
Imported 'GUID: 51fa60bb2bd1e5bc74e8cc95a7bfd5b7' -> (Import Result ID: 'b6b40ec9fa38ab19cc96158eca957432') in 0.002 seconds [static and dynamic dependencies]. Details - ImportResultOutputID=e337cc5e0dacbe16d0a9399e53e043b6 DependenciesID=597d32e37f6557ebfd049b5460075418 StaticDependenciesID=d430922f28c211a71b68c77eb4a36b35 
Number of updated asset objects reloaded before import = 0
Number of asset objects unloaded after import = 1
========================================================================
Received Import Request.
  Time of request: 2026-08-17T11:23:07.9352339Z
  Time since last request: 0.0002336 seconds.
  importAddress: GUID: 424a8de5def3b46dcb08edd00ad1c7bd - Path: Packages/com.unity.multiplayer.center/Editor/MultiplayerCenterWindow/UI/Icons/Loading.png - Importer: ScriptedImporter/UnityEditor.QuickSearchModule:UnityEditor.Search:ASIAI0B
Importing 'GUID: 424a8de5def3b46dcb08edd00ad1c7bd - Path: Packages/com.unity.multiplayer.center/Editor/MultiplayerCenterWindow/UI/Icons/Loading.png - Importer: ScriptedImporter/UnityEditor.QuickSearchModule:UnityEditor.Search:ASIAI0B' with importer (ScriptedImporter : UnityEditor.QuickSearchModule:UnityEditor.Search:ASIAI0B)
Imported 'GUID: 424a8de5def3b46dcb08edd00ad1c7bd' -> (Import Result ID: 'eec1a92e8e312e731efe51ca2e1368fe') in 0.006 seconds [static and dynamic dependencies]. Details - ImportResultOutputID=cc24931a0207ba21ac55abefd92f692e DependenciesID=9c9e1147231a76a1e866d51c75c4964b StaticDependenciesID=a113de49139d94e7b3d884910f075426 
Number of updated asset objects reloaded before import = 0
Number of asset objects unloaded after import = 1
========================================================================
Received Import Request.
  Time of request: 2026-08-17T11:23:07.9414908Z
  Time since last request: 0.0002116 seconds.
  importAddress: GUID: 17f093324b67f5bd57e55b546736750e - Path: Packages/com.unity.modules.particlesystem/package.ModuleCompilationTrigger - Importer: ScriptedImporter/UnityEditor.QuickSearchModule:UnityEditor.Search:ASIAI0B
Importing 'GUID: 17f093324b67f5bd57e55b546736750e - Path: Packages/com.unity.modules.particlesystem/package.ModuleCompilationTrigger - Importer: ScriptedImporter/UnityEditor.QuickSearchModule:UnityEditor.Search:ASIAI0B' with importer (ScriptedImporter : UnityEditor.QuickSearchModule:UnityEditor.Search:ASIAI0B)
Imported 'GUID: 17f093324b67f5bd57e55b546736750e' -> (Import Result ID: '3268c7b3980ed91ef141a79cbb2e096a') in 0.003 seconds [static and dynamic dependencies]. Details - ImportResultOutputID=a9cc92ef4bc3733ee8bbd7397f792d05 DependenciesID=9e7418bc7662d7a179d81afc10ffa9dd StaticDependenciesID=43d1286c8a495a5366ac3881b722e1a0 
Number of updated asset objects reloaded before import = 0
Number of asset objects unloaded after import = 1
========================================================================
Received Import Request.
  Time of request: 2026-08-17T11:23:07.9447335Z
  Time since last request: 0.0001717 seconds.
  importAddress: GUID: 87d720faa37005c08600090e04d8c739 - Path: Packages/com.unity.modules.particlesystem/package.json - Importer: ScriptedImporter/UnityEditor.QuickSearchModule:UnityEditor.Search:ASIAI0B
Importing 'GUID: 87d720faa37005c08600090e04d8c739 - Path: Packages/com.unity.modules.particlesystem/package.json - Importer: ScriptedImporter/UnityEditor.QuickSearchModule:UnityEditor.Search:ASIAI0B' with importer (ScriptedImporter : UnityEditor.QuickSearchModule:UnityEditor.Search:ASIAI0B)
Imported 'GUID: 87d720faa37005c08600090e04d8c739' -> (Import Result ID: 'bc82535596e0248a5f7bf75b7db01208') in 0.013 seconds [static and dynamic dependencies]. Details - ImportResultOutputID=5657653ad4e3b0f29789bebe19948f29 DependenciesID=16601a0d583a68121c247125436b68be StaticDependenciesID=5ede4ba35b12b052d735c01b212ebba6 
Number of updated asset objects reloaded before import = 0
Number of asset objects unloaded after import = 1
========================================================================
Received Import Request.
  Time of request: 2026-08-17T11:23:07.9581315Z
  Time since last request: 0.0002266 seconds.
  importAddress: GUID: 83b28bcaaf34b4fd580114fb05d9f160 - Path: Packages/com.unity.multiplayer.center/Editor/MultiplayerCenterWindow/UI/Icons/NGO@2x.png - Importer: ScriptedImporter/UnityEditor.QuickSearchModule:UnityEditor.Search:ASIAI0B
Importing 'GUID: 83b28bcaaf34b4fd580114fb05d9f160 - Path: Packages/com.unity.multiplayer.center/Editor/MultiplayerCenterWindow/UI/Icons/NGO@2x.png - Importer: ScriptedImporter/UnityEditor.QuickSearchModule:UnityEditor.Search:ASIAI0B' with importer (ScriptedImporter : UnityEditor.QuickSearchModule:UnityEditor.Search:ASIAI0B)
Imported 'GUID: 83b28bcaaf34b4fd580114fb05d9f160' -> (Import Result ID: '82823c76764e635b76f2cbb1ff74dc73') in 0.007 seconds [static and dynamic dependencies]. Details - ImportResultOutputID=25036e3fc7ea02727fb0bccfaf67d08b DependenciesID=8513c83985a9ffebadc1da35fa09b04b StaticDependenciesID=186a0fb58d5f65b966ba7a09d7a76845 
Number of updated asset objects reloaded before import = 0
Number of asset objects unloaded after import = 1
========================================================================
Received Import Request.
  Time of request: 2026-08-17T11:23:07.9652236Z
  Time since last request: 0.0002028 seconds.
  importAddress: GUID: e2d09a26ce46dc617b54e49a534ace20 - Path: Packages/com.unity.modules.ai/package.ModuleCompilationTrigger - Importer: ScriptedImporter/UnityEditor.QuickSearchModule:UnityEditor.Search:ASIAI0B
Importing 'GUID: e2d09a26ce46dc617b54e49a534ace20 - Path: Packages/com.unity.modules.ai/package.ModuleCompilationTrigger - Importer: ScriptedImporter/UnityEditor.QuickSearchModule:UnityEditor.Search:ASIAI0B' with importer (ScriptedImporter : UnityEditor.QuickSearchModule:UnityEditor.Search:ASIAI0B)
Imported 'GUID: e2d09a26ce46dc617b54e49a534ace20' -> (Import Result ID: 'ea0ce4dd0775ff806052aa2c61a604d5') in 0.002 seconds [static and dynamic dependencies]. Details - ImportResultOutputID=895cd1ddd0ffc197321858d0fa3ff173 DependenciesID=1035214cb823621b25616822e4193abb StaticDependenciesID=de0e16b6698c943820e262034e0a0b92 
Number of updated asset objects reloaded before import = 0
Number of asset objects unloaded after import = 1
========================================================================
Received Import Request.
  Time of request: 2026-08-17T11:23:07.9677569Z
  Time since last request: 0.000219 seconds.
  importAddress: GUID: c88e90bad18cceb5d182d0c805883056 - Path: Packages/com.unity.modules.director/package.ModuleCompilationTrigger - Importer: ScriptedImporter/UnityEditor.QuickSearchModule:UnityEditor.Search:ASIAI0B
Importing 'GUID: c88e90bad18cceb5d182d0c805883056 - Path: Packages/com.unity.modules.director/package.ModuleCompilationTrigger - Importer: ScriptedImporter/UnityEditor.QuickSearchModule:UnityEditor.Search:ASIAI0B' with importer (ScriptedImporter : UnityEditor.QuickSearchModule:UnityEditor.Search:ASIAI0B)
Imported 'GUID: c88e90bad18cceb5d182d0c805883056' -> (Import Result ID: '8be5ff62c744228ea1d2ac35b5540f2c') in 0.003 seconds [static and dynamic dependencies]. Details - ImportResultOutputID=5121d7cf98afa004c359e57f62f3c43a DependenciesID=661a6a9167d205b7fec5f802ed56672d StaticDependenciesID=b9553544096cd428095952b321ff59d9 
Number of updated asset objects reloaded before import = 0
Number of asset objects unloaded after import = 1
========================================================================
Received Import Request.
  Time of request: 2026-08-17T11:23:07.9711009Z
  Time since last request: 0.0002061 seconds.
  importAddress: GUID: dd70cd654275d47db807e918055e004f - Path: Packages/com.unity.multiplayer.center/Editor/MultiplayerCenterWindow/UI/Icons/Questionnaire.png - Importer: ScriptedImporter/UnityEditor.QuickSearchModule:UnityEditor.Search:ASIAI0B
Importing 'GUID: dd70cd654275d47db807e918055e004f - Path: Packages/com.unity.multiplayer.center/Editor/MultiplayerCenterWindow/UI/Icons/Questionnaire.png - Importer: ScriptedImporter/UnityEditor.QuickSearchModule:UnityEditor.Search:ASIAI0B' with importer (ScriptedImporter : UnityEditor.QuickSearchModule:UnityEditor.Search:ASIAI0B)
Imported 'GUID: dd70cd654275d47db807e918055e004f' -> (Import Result ID: '8e550ec841c45296536385c9bbe11f44') in 0.006 seconds [static and dynamic dependencies]. Details - ImportResultOutputID=ff438d378f9ad5d30dcdb1a937e34a44 DependenciesID=5da5327a5040e98d13540d01071e51a4 StaticDependenciesID=f540ff7dd05132686cedd5dd4610aefe 
Number of updated asset objects reloaded before import = 0
Number of asset objects unloaded after import = 1
========================================================================
Received Import Request.
  Time of request: 2026-08-17T11:23:07.9771374Z
  Time since last request: 0.0003179 seconds.
  importAddress: GUID: 906c12bc9cd95d3963c6d58f62522c78 - Path: Packages/com.unity.modules.cloth/package.json - Importer: ScriptedImporter/UnityEditor.QuickSearchModule:UnityEditor.Search:ASIAI0B
Importing 'GUID: 906c12bc9cd95d3963c6d58f62522c78 - Path: Packages/com.unity.modules.cloth/package.json - Importer: ScriptedImporter/UnityEditor.QuickSearchModule:UnityEditor.Search:ASIAI0B' with importer (ScriptedImporter : UnityEditor.QuickSearchModule:UnityEditor.Search:ASIAI0B)
Imported 'GUID: 906c12bc9cd95d3963c6d58f62522c78' -> (Import Result ID: '0b31fca454ebf05da4d06ce65fd70cbd') in 0.011 seconds [static and dynamic dependencies]. Details - ImportResultOutputID=b8907a40306f5ab40c9c383812a59700 DependenciesID=5af902cac4117455f8eef68c527b4efa StaticDependenciesID=8b26a6fd47f8403fbc39887a08c6c291 
Number of updated asset objects reloaded before import = 0
Number of asset objects unloaded after import = 1
========================================================================
Received Import Request.
  Time of request: 2026-08-17T11:23:07.9885225Z
  Time since last request: 0.0002346 seconds.
  importAddress: GUID: a2c71c02b50345e99168bda191ec01b4 - Path: Packages/com.unity.multiplayer.center/Editor/MultiplayerCenterWindow/UI/RecommendationView/RecommendationView.cs - Importer: ScriptedImporter/UnityEditor.QuickSearchModule:UnityEditor.Search:ASIAI0B
Importing 'GUID: a2c71c02b50345e99168bda191ec01b4 - Path: Packages/com.unity.multiplayer.center/Editor/MultiplayerCenterWindow/UI/RecommendationView/RecommendationView.cs - Importer: ScriptedImporter/UnityEditor.QuickSearchModule:UnityEditor.Search:ASIAI0B' with importer (ScriptedImporter : UnityEditor.QuickSearchModule:UnityEditor.Search:ASIAI0B)
Imported 'GUID: a2c71c02b50345e99168bda191ec01b4' -> (Import Result ID: '86b3f2422864c6baa547bd1d6121ea90') in 0.002 seconds [static and dynamic dependencies]. Details - ImportResultOutputID=729ed12da15b170e13f4532f7d965cb4 DependenciesID=2570c5d370ac8985113efb3e03ff846b StaticDependenciesID=c25869886ab8186974bc707f6a32a844 
Number of updated asset objects reloaded before import = 0
Number of asset objects unloaded after import = 0
========================================================================
Received Import Request.
  Time of request: 2026-08-17T11:23:07.9912459Z
  Time since last request: 0.0002246 seconds.
  importAddress: GUID: 1af35a910338381f753e8a985eb5daab - Path: Packages/com.unity.modules.adaptiveperformance/package.ModuleCompilationTrigger - Importer: ScriptedImporter/UnityEditor.QuickSearchModule:UnityEditor.Search:ASIAI0B
Importing 'GUID: 1af35a910338381f753e8a985eb5daab - Path: Packages/com.unity.modules.adaptiveperformance/package.ModuleCompilationTrigger - Importer: ScriptedImporter/UnityEditor.QuickSearchModule:UnityEditor.Search:ASIAI0B' with importer (ScriptedImporter : UnityEditor.QuickSearchModule:UnityEditor.Search:ASIAI0B)
Imported 'GUID: 1af35a910338381f753e8a985eb5daab' -> (Import Result ID: 'baf95735d22028c89b7eb244312be79f') in 0.003 seconds [static and dynamic dependencies]. Details - ImportResultOutputID=7b2364e27fe545331406c2dd2da724d4 DependenciesID=045fa7ad7781343838abebca4d4ec0ea StaticDependenciesID=8189203b1cab84e876f3f0a02e2b20da 
Number of updated asset objects reloaded before import = 0
Number of asset objects unloaded after import = 1
========================================================================
Received Import Request.
  Time of request: 2026-08-17T11:23:07.9945645Z
  Time since last request: 0.0003554 seconds.
  importAddress: GUID: 43674d438e19b89d7fe6af07234f3252 - Path: Packages/com.unity.modules.accessibility/package.json - Importer: ScriptedImporter/UnityEditor.QuickSearchModule:UnityEditor.Search:ASIAI0B
Importing 'GUID: 43674d438e19b89d7fe6af07234f3252 - Path: Packages/com.unity.modules.accessibility/package.json - Importer: ScriptedImporter/UnityEditor.QuickSearchModule:UnityEditor.Search:ASIAI0B' with importer (ScriptedImporter : UnityEditor.QuickSearchModule:UnityEditor.Search:ASIAI0B)
Imported 'GUID: 43674d438e19b89d7fe6af07234f3252' -> (Import Result ID: '9d3a1acfa10e53639fbf396911074542') in 0.012 seconds [static and dynamic dependencies]. Details - ImportResultOutputID=9cda339bde421a10a117e1617e54eb4b DependenciesID=05e43597791aae7eff98c559906b51b0 StaticDependenciesID=037655a9c50dc1bb97a2cc078a92fcf1 
Number of updated asset objects reloaded before import = 0
Number of asset objects unloaded after import = 1
========================================================================
Received Import Request.
  Time of request: 2026-08-17T11:23:08.0072647Z
  Time since last request: 0.0002505 seconds.
  importAddress: GUID: 2adec19fac7df68adf1fd6eb83197bb1 - Path: Packages/com.unity.modules.wind/package.ModuleCompilationTrigger - Importer: ScriptedImporter/UnityEditor.QuickSearchModule:UnityEditor.Search:ASIAI0B
Importing 'GUID: 2adec19fac7df68adf1fd6eb83197bb1 - Path: Packages/com.unity.modules.wind/package.ModuleCompilationTrigger - Importer: ScriptedImporter/UnityEditor.QuickSearchModule:UnityEditor.Search:ASIAI0B' with importer (ScriptedImporter : UnityEditor.QuickSearchModule:UnityEditor.Search:ASIAI0B)
Imported 'GUID: 2adec19fac7df68adf1fd6eb83197bb1' -> (Import Result ID: 'f1f5755832013721d0b083d67630a8b9') in 0.003 seconds [static and dynamic dependencies]. Details - ImportResultOutputID=d6535b00056b86d9a1cd437d8a9347ed DependenciesID=28278c9ceb0a6a617e556612d76e1fe8 StaticDependenciesID=958681de67dfe767159dedd7d55526a9 
Number of updated asset objects reloaded before import = 0
Number of asset objects unloaded after import = 1
========================================================================
Received Import Request.
  Time of request: 2026-08-17T11:23:08.0106952Z
  Time since last request: 0.0001995 seconds.
  importAddress: GUID: bfd567a3d1631a761bca9e99fa53d86d - Path: Packages/com.unity.modules.ui/package.json - Importer: ScriptedImporter/UnityEditor.QuickSearchModule:UnityEditor.Search:ASIAI0B
Importing 'GUID: bfd567a3d1631a761bca9e99fa53d86d - Path: Packages/com.unity.modules.ui/package.json - Importer: ScriptedImporter/UnityEditor.QuickSearchModule:UnityEditor.Search:ASIAI0B' with importer (ScriptedImporter : UnityEditor.QuickSearchModule:UnityEditor.Search:ASIAI0B)
Imported 'GUID: bfd567a3d1631a761bca9e99fa53d86d' -> (Import Result ID: 'c2e9f534f740a945595f25a09274e7a2') in 0.010 seconds [static and dynamic dependencies]. Details - ImportResultOutputID=5252a239378be4c30cc3f62b87931d74 DependenciesID=81cf9cca0b0c4b51d58de28dc4cb993b StaticDependenciesID=eb56d7a43481864f19527ece3cab670b 
Number of updated asset objects reloaded before import = 0
Number of asset objects unloaded after import = 1
========================================================================
Received Import Request.
  Time of request: 2026-08-17T11:23:08.0213439Z
  Time since last request: 0.0002099 seconds.
  importAddress: GUID: d104359075a97392b803d3d5aebc77f7 - Path: Packages/com.unity.modules.hierarchycore/package.ModuleCompilationTrigger - Importer: ScriptedImporter/UnityEditor.QuickSearchModule:UnityEditor.Search:ASIAI0B
Importing 'GUID: d104359075a97392b803d3d5aebc77f7 - Path: Packages/com.unity.modules.hierarchycore/package.ModuleCompilationTrigger - Importer: ScriptedImporter/UnityEditor.QuickSearchModule:UnityEditor.Search:ASIAI0B' with importer (ScriptedImporter : UnityEditor.QuickSearchModule:UnityEditor.Search:ASIAI0B)
Imported 'GUID: d104359075a97392b803d3d5aebc77f7' -> (Import Result ID: '47a894b6f23aa20c8e918968f27ca3e3') in 0.003 seconds [static and dynamic dependencies]. Details - ImportResultOutputID=53204850e3c8b902f8661dcd9b518ac0 DependenciesID=83184813ffa13f062e2fc2ca9b238ad7 StaticDependenciesID=777bf9f5a809c118b4172931b316133a 
Number of updated asset objects reloaded before import = 0
Number of asset objects unloaded after import = 1
========================================================================
Received Import Request.
  Time of request: 2026-08-17T11:23:08.0246281Z
  Time since last request: 0.000363 seconds.
  importAddress: GUID: f62135e79edb837b2d2ee3c524da864c - Path: Packages/com.unity.modules.video/package.ModuleCompilationTrigger - Importer: ScriptedImporter/UnityEditor.QuickSearchModule:UnityEditor.Search:ASIAI0B
Importing 'GUID: f62135e79edb837b2d2ee3c524da864c - Path: Packages/com.unity.modules.video/package.ModuleCompilationTrigger - Importer: ScriptedImporter/UnityEditor.QuickSearchModule:UnityEditor.Search:ASIAI0B' with importer (ScriptedImporter : UnityEditor.QuickSearchModule:UnityEditor.Search:ASIAI0B)
Imported 'GUID: f62135e79edb837b2d2ee3c524da864c' -> (Import Result ID: '9f260f28fddd4852f1756db017c3749b') in 0.002 seconds [static and dynamic dependencies]. Details - ImportResultOutputID=965a75b50974aee82cfca255aafb23b6 DependenciesID=706c3af2c691725a8b7b6aee4b13403a StaticDependenciesID=77f880c9639ef67321a05e3418e574a7 
Number of updated asset objects reloaded before import = 0
Number of asset objects unloaded after import = 1
========================================================================
Received Import Request.
  Time of request: 2026-08-17T11:23:08.0274647Z
  Time since last request: 0.0002215 seconds.
  importAddress: GUID: 4616b2fa4acd1429e931835b80966c2a - Path: Packages/com.unity.multiplayer.center/Editor/MultiplayerCenterWindow/UI/Icons/PackageInstalled.png - Importer: ScriptedImporter/UnityEditor.QuickSearchModule:UnityEditor.Search:ASIAI0B
Importing 'GUID: 4616b2fa4acd1429e931835b80966c2a - Path: Packages/com.unity.multiplayer.center/Editor/MultiplayerCenterWindow/UI/Icons/PackageInstalled.png - Importer: ScriptedImporter/UnityEditor.QuickSearchModule:UnityEditor.Search:ASIAI0B' with importer (ScriptedImporter : UnityEditor.QuickSearchModule:UnityEditor.Search:ASIAI0B)
Imported 'GUID: 4616b2fa4acd1429e931835b80966c2a' -> (Import Result ID: '883119bc4e7eb6ef3d5526b3a6cffb78') in 0.005 seconds [static and dynamic dependencies]. Details - ImportResultOutputID=17fb7ac4d51c7d4b8c3b513044adfa7e DependenciesID=112aea884fe5abdbb817c5b697986204 StaticDependenciesID=a41e42d29cc9b29a4873d0074c0d3770 
Number of updated asset objects reloaded before import = 0
Number of asset objects unloaded after import = 1
========================================================================
Received Import Request.
  Time of request: 2026-08-17T11:23:08.0334491Z
  Time since last request: 0.0003493 seconds.
  importAddress: GUID: f7a8357347c80dc69c08d0b1a05e2122 - Path: Packages/com.unity.modules.physics2d/package.json - Importer: ScriptedImporter/UnityEditor.QuickSearchModule:UnityEditor.Search:ASIAI0B
Importing 'GUID: f7a8357347c80dc69c08d0b1a05e2122 - Path: Packages/com.unity.modules.physics2d/package.json - Importer: ScriptedImporter/UnityEditor.QuickSearchModule:UnityEditor.Search:ASIAI0B' with importer (ScriptedImporter : UnityEditor.QuickSearchModule:UnityEditor.Search:ASIAI0B)
Imported 'GUID: f7a8357347c80dc69c08d0b1a05e2122' -> (Import Result ID: '6ab2d6657f9a4f467ec85fa4c9b979f0') in 0.010 seconds [static and dynamic dependencies]. Details - ImportResultOutputID=75e39ac4a87a42bb77060856f44115c9 DependenciesID=9ccd2045371a0cad3ea3a29568ee3c14 StaticDependenciesID=99e97b2da3a6c93e6e8d10ac4c913cff 
Number of updated asset objects reloaded before import = 0
Number of asset objects unloaded after import = 1
========================================================================
Received Import Request.
  Time of request: 2026-08-17T11:23:08.043693Z
  Time since last request: 0.0002532 seconds.
  importAddress: GUID: 05f7f519769978b79b31d063a7fc6fa1 - Path: Packages/com.unity.modules.unitywebrequestassetbundle/package.json - Importer: ScriptedImporter/UnityEditor.QuickSearchModule:UnityEditor.Search:ASIAI0B
Importing 'GUID: 05f7f519769978b79b31d063a7fc6fa1 - Path: Packages/com.unity.modules.unitywebrequestassetbundle/package.json - Importer: ScriptedImporter/UnityEditor.QuickSearchModule:UnityEditor.Search:ASIAI0B' with importer (ScriptedImporter : UnityEditor.QuickSearchModule:UnityEditor.Search:ASIAI0B)
Imported 'GUID: 05f7f519769978b79b31d063a7fc6fa1' -> (Import Result ID: '06b71d5f3f52212c5cafbaed1501dc34') in 0.009 seconds [static and dynamic dependencies]. Details - ImportResultOutputID=46798aee081f7bfad52da61e341ce369 DependenciesID=951c33b8d7927e4ca72361149b13434e StaticDependenciesID=72deb678d61652e5c51ef7d01fbf0602 
Number of updated asset objects reloaded before import = 0
Number of asset objects unloaded after import = 1
========================================================================
Received Import Request.
  Time of request: 2026-08-17T11:23:08.0533479Z
  Time since last request: 0.0003169 seconds.
  importAddress: GUID: e9669051ff70449b5923861e0e0b8838 - Path: Packages/com.unity.multiplayer.center/Editor/MultiplayerCenterWindow/UI/Icons/N4E.png - Importer: ScriptedImporter/UnityEditor.QuickSearchModule:UnityEditor.Search:ASIAI0B
Importing 'GUID: e9669051ff70449b5923861e0e0b8838 - Path: Packages/com.unity.multiplayer.center/Editor/MultiplayerCenterWindow/UI/Icons/N4E.png - Importer: ScriptedImporter/UnityEditor.QuickSearchModule:UnityEditor.Search:ASIAI0B' with importer (ScriptedImporter : UnityEditor.QuickSearchModule:UnityEditor.Search:ASIAI0B)
Imported 'GUID: e9669051ff70449b5923861e0e0b8838' -> (Import Result ID: 'c04780d9f86cc6482a5093990cc13cf0') in 0.006 seconds [static and dynamic dependencies]. Details - ImportResultOutputID=d41261d38f8a301c7c996fa8a1c36f49 DependenciesID=e720f457198695aa2b03f2888f1e1351 StaticDependenciesID=7e943d6bfe3718c548bd7a4742ae247a 
Number of updated asset objects reloaded before import = 0
Number of asset objects unloaded after import = 1
========================================================================
Received Import Request.
  Time of request: 2026-08-17T11:23:08.0595468Z
  Time since last request: 0.0002416 seconds.
  importAddress: GUID: 5c1ee4056d0ac7ad3c5a16597fcaa38a - Path: Packages/com.unity.modules.physics/package.ModuleCompilationTrigger - Importer: ScriptedImporter/UnityEditor.QuickSearchModule:UnityEditor.Search:ASIAI0B
Importing 'GUID: 5c1ee4056d0ac7ad3c5a16597fcaa38a - Path: Packages/com.unity.modules.physics/package.ModuleCompilationTrigger - Importer: ScriptedImporter/UnityEditor.QuickSearchModule:UnityEditor.Search:ASIAI0B' with importer (ScriptedImporter : UnityEditor.QuickSearchModule:UnityEditor.Search:ASIAI0B)
Imported 'GUID: 5c1ee4056d0ac7ad3c5a16597fcaa38a' -> (Import Result ID: 'e2a0869f686c6eef6ae33e5d3d25780f') in 0.002 seconds [static and dynamic dependencies]. Details - ImportResultOutputID=a60a105b242b34c20914f8b5231cef48 DependenciesID=cb934ef64b91b7f8225d1238d072ad7a StaticDependenciesID=a840f9a988ea0c472996846c059a3e0b 
Number of updated asset objects reloaded before import = 0
Number of asset objects unloaded after import = 1
========================================================================
Received Import Request.
  Time of request: 2026-08-17T11:23:08.0621609Z
  Time since last request: 0.0002392 seconds.
  importAddress: GUID: 1daed49eec0f94f7ebb36dfef6159884 - Path: Packages/com.unity.multiplayer.center/Editor/MultiplayerCenterWindow/UI/Icons/NoNetcode.png - Importer: ScriptedImporter/UnityEditor.QuickSearchModule:UnityEditor.Search:ASIAI0B
Importing 'GUID: 1daed49eec0f94f7ebb36dfef6159884 - Path: Packages/com.unity.multiplayer.center/Editor/MultiplayerCenterWindow/UI/Icons/NoNetcode.png - Importer: ScriptedImporter/UnityEditor.QuickSearchModule:UnityEditor.Search:ASIAI0B' with importer (ScriptedImporter : UnityEditor.QuickSearchModule:UnityEditor.Search:ASIAI0B)
Imported 'GUID: 1daed49eec0f94f7ebb36dfef6159884' -> (Import Result ID: 'a4780316f25f74d66285915991ae69bb') in 0.005 seconds [static and dynamic dependencies]. Details - ImportResultOutputID=0a6c6a877a4cc7c758f080ebd861ca27 DependenciesID=ddba7cb5225ced0fe1c3f932846608e6 StaticDependenciesID=d37b9b0318743a3888abd2461e39d199 
Number of updated asset objects reloaded before import = 0
Number of asset objects unloaded after import = 1
========================================================================
Received Import Request.
  Time of request: 2026-08-17T11:23:08.0679154Z
  Time since last request: 0.0002313 seconds.
  importAddress: GUID: e5c46c19ce0ce2e0103aa6f82df1043a - Path: Packages/com.unity.modules.vehicles/package.ModuleCompilationTrigger - Importer: ScriptedImporter/UnityEditor.QuickSearchModule:UnityEditor.Search:ASIAI0B
Importing 'GUID: e5c46c19ce0ce2e0103aa6f82df1043a - Path: Packages/com.unity.modules.vehicles/package.ModuleCompilationTrigger - Importer: ScriptedImporter/UnityEditor.QuickSearchModule:UnityEditor.Search:ASIAI0B' with importer (ScriptedImporter : UnityEditor.QuickSearchModule:UnityEditor.Search:ASIAI0B)
Imported 'GUID: e5c46c19ce0ce2e0103aa6f82df1043a' -> (Import Result ID: '428f63e813882c89d097ff7c159d4abe') in 0.003 seconds [static and dynamic dependencies]. Details - ImportResultOutputID=ddebbd2a8a9d91b1ea7f9e0aa38b5ab1 DependenciesID=ef1dece6946ff18201b056891752ca42 StaticDependenciesID=d9e265e50840c485b23c82ea55fd048f 
Number of updated asset objects reloaded before import = 0
Number of asset objects unloaded after import = 1
========================================================================
Received Import Request.
  Time of request: 2026-08-17T11:23:08.0709746Z
  Time since last request: 0.0002664 seconds.
  importAddress: GUID: 830a36a23cf3ab1e61fa47940a6dc35e - Path: Packages/com.unity.modules.imageconversion/package.ModuleCompilationTrigger - Importer: ScriptedImporter/UnityEditor.QuickSearchModule:UnityEditor.Search:ASIAI0B
Importing 'GUID: 830a36a23cf3ab1e61fa47940a6dc35e - Path: Packages/com.unity.modules.imageconversion/package.ModuleCompilationTrigger - Importer: ScriptedImporter/UnityEditor.QuickSearchModule:UnityEditor.Search:ASIAI0B' with importer (ScriptedImporter : UnityEditor.QuickSearchModule:UnityEditor.Search:ASIAI0B)
Imported 'GUID: 830a36a23cf3ab1e61fa47940a6dc35e' -> (Import Result ID: 'fff09803ab1288fcba5b92d537fbd511') in 0.002 seconds [static and dynamic dependencies]. Details - ImportResultOutputID=f47437ba3a53153d00ab3841e08ff938 DependenciesID=38cf82cb7ffa21beb1715c9f32c5d883 StaticDependenciesID=3b9ee5531ac2f847fc383679976b6cdb 
Number of updated asset objects reloaded before import = 0
Number of asset objects unloaded after import = 1
========================================================================
Received Import Request.
  Time of request: 2026-08-17T11:23:08.0736522Z
  Time since last request: 0.0002285 seconds.
  importAddress: GUID: db8e609a39b9b231fccc54e5fa4cbd1b - Path: Packages/com.unity.modules.animation/package.ModuleCompilationTrigger - Importer: ScriptedImporter/UnityEditor.QuickSearchModule:UnityEditor.Search:ASIAI0B
Importing 'GUID: db8e609a39b9b231fccc54e5fa4cbd1b - Path: Packages/com.unity.modules.animation/package.ModuleCompilationTrigger - Importer: ScriptedImporter/UnityEditor.QuickSearchModule:UnityEditor.Search:ASIAI0B' with importer (ScriptedImporter : UnityEditor.QuickSearchModule:UnityEditor.Search:ASIAI0B)
Imported 'GUID: db8e609a39b9b231fccc54e5fa4cbd1b' -> (Import Result ID: '248a0c79a545abadbbd09a1fb463e08a') in 0.002 seconds [static and dynamic dependencies]. Details - ImportResultOutputID=e446dfc449823078cd8e3705dad7ddb3 DependenciesID=bbd9936e29c923d86187d9f4a6f6d835 StaticDependenciesID=18c559ea1b684bdd6c130f5af90cb966 
Number of updated asset objects reloaded before import = 0
Number of asset objects unloaded after import = 1
========================================================================
Received Import Request.
  Time of request: 2026-08-17T11:23:08.0762287Z
  Time since last request: 0.0002063 seconds.
  importAddress: GUID: 953fab16d15d5885b3600fcd6388b2ad - Path: Packages/com.unity.modules.imageconversion/package.json - Importer: ScriptedImporter/UnityEditor.QuickSearchModule:UnityEditor.Search:ASIAI0B
Importing 'GUID: 953fab16d15d5885b3600fcd6388b2ad - Path: Packages/com.unity.modules.imageconversion/package.json - Importer: ScriptedImporter/UnityEditor.QuickSearchModule:UnityEditor.Search:ASIAI0B' with importer (ScriptedImporter : UnityEditor.QuickSearchModule:UnityEditor.Search:ASIAI0B)
Imported 'GUID: 953fab16d15d5885b3600fcd6388b2ad' -> (Import Result ID: 'f6d78be120e29f4b97636b28f027554b') in 0.010 seconds [static and dynamic dependencies]. Details - ImportResultOutputID=5bbf2bb96f615f0d8cc72a4bcfba3126 DependenciesID=564154946aa208f8717234d5aa58cfc6 StaticDependenciesID=1cdad6f07a9b9deaa88a0817f342f551 
Number of updated asset objects reloaded before import = 0
Number of asset objects unloaded after import = 1
========================================================================
Received Import Request.
  Time of request: 2026-08-17T11:23:08.0866217Z
  Time since last request: 0.0002303 seconds.
  importAddress: GUID: 1a4266815e998967becf686f9c71f0a6 - Path: Packages/com.unity.modules.physics/package.json - Importer: ScriptedImporter/UnityEditor.QuickSearchModule:UnityEditor.Search:ASIAI0B
Importing 'GUID: 1a4266815e998967becf686f9c71f0a6 - Path: Packages/com.unity.modules.physics/package.json - Importer: ScriptedImporter/UnityEditor.QuickSearchModule:UnityEditor.Search:ASIAI0B' with importer (ScriptedImporter : UnityEditor.QuickSearchModule:UnityEditor.Search:ASIAI0B)
Imported 'GUID: 1a4266815e998967becf686f9c71f0a6' -> (Import Result ID: 'f9c3852a69ffd8fde89aeeddf937b2b9') in 0.009 seconds [static and dynamic dependencies]. Details - ImportResultOutputID=b9dca33c649ead67eef33cf6e19c5780 DependenciesID=95b674003f4c756a7acade05afc5a3dc StaticDependenciesID=274dac7d81e2b3adde6dd4102751edd5 
Number of updated asset objects reloaded before import = 0
Number of asset objects unloaded after import = 1
========================================================================
Received Import Request.
  Time of request: 2026-08-17T11:23:08.0962517Z
  Time since last request: 0.0002059 seconds.
  importAddress: GUID: 6afb166a156df2d20433d981f4bb2832 - Path: Packages/com.unity.modules.vehicles/package.json - Importer: ScriptedImporter/UnityEditor.QuickSearchModule:UnityEditor.Search:ASIAI0B
Importing 'GUID: 6afb166a156df2d20433d981f4bb2832 - Path: Packages/com.unity.modules.vehicles/package.json - Importer: ScriptedImporter/UnityEditor.QuickSearchModule:UnityEditor.Search:ASIAI0B' with importer (ScriptedImporter : UnityEditor.QuickSearchModule:UnityEditor.Search:ASIAI0B)
Imported 'GUID: 6afb166a156df2d20433d981f4bb2832' -> (Import Result ID: 'dd501c91a32116ae25fc05f581dd90ad') in 0.010 seconds [static and dynamic dependencies]. Details - ImportResultOutputID=446a1acb193fc209a2d8a13160e026e3 DependenciesID=ebd2fb4877da9487b794885b894d8a93 StaticDependenciesID=26282f897037d7fbbde01816a59d34db 
Number of updated asset objects reloaded before import = 0
Number of asset objects unloaded after import = 1
========================================================================
Received Import Request.
  Time of request: 2026-08-17T11:23:08.1066922Z
  Time since last request: 0.0002838 seconds.
  importAddress: GUID: ec02776fe29df900b897106d61977735 - Path: Packages/com.unity.modules.director/package.json - Importer: ScriptedImporter/UnityEditor.QuickSearchModule:UnityEditor.Search:ASIAI0B
Importing 'GUID: ec02776fe29df900b897106d61977735 - Path: Packages/com.unity.modules.director/package.json - Importer: ScriptedImporter/UnityEditor.QuickSearchModule:UnityEditor.Search:ASIAI0B' with importer (ScriptedImporter : UnityEditor.QuickSearchModule:UnityEditor.Search:ASIAI0B)
Imported 'GUID: ec02776fe29df900b897106d61977735' -> (Import Result ID: '8109996d9c491c70d9b37406a46123cd') in 0.012 seconds [static and dynamic dependencies]. Details - ImportResultOutputID=510865baef21683106543ea96ca673e1 DependenciesID=0cc818965ad58818203c9fdf629e103f StaticDependenciesID=9c8015b3cb5d3832cc3059386072b4bf 
Number of updated asset objects reloaded before import = 0
Number of asset objects unloaded after import = 1
========================================================================
Received Import Request.
  Time of request: 2026-08-17T11:23:08.1186294Z
  Time since last request: 0.0002478 seconds.
  importAddress: GUID: b58a826ca804e4c67bab4283ad5a6102 - Path: Packages/com.unity.multiplayer.center/Editor/MultiplayerCenterWindow/UI/Icons/NoNetcode@2x.png - Importer: ScriptedImporter/UnityEditor.QuickSearchModule:UnityEditor.Search:ASIAI0B
Importing 'GUID: b58a826ca804e4c67bab4283ad5a6102 - Path: Packages/com.unity.multiplayer.center/Editor/MultiplayerCenterWindow/UI/Icons/NoNetcode@2x.png - Importer: ScriptedImporter/UnityEditor.QuickSearchModule:UnityEditor.Search:ASIAI0B' with importer (ScriptedImporter : UnityEditor.QuickSearchModule:UnityEditor.Search:ASIAI0B)
Imported 'GUID: b58a826ca804e4c67bab4283ad5a6102' -> (Import Result ID: '8fbe3f6d07b8d5886bde36710b6681fc') in 0.005 seconds [static and dynamic dependencies]. Details - ImportResultOutputID=6598ecbaadfa3bc218bd56dcaa9f537c DependenciesID=1499b98b7c6d04096773f1c6c88b9c3e StaticDependenciesID=e7298d1f14d551db47311055c13bd348 
Number of updated asset objects reloaded before import = 0
Number of asset objects unloaded after import = 1
========================================================================
Received Import Request.
  Time of request: 2026-08-17T11:23:08.1238172Z
  Time since last request: 0.0002402 seconds.
  importAddress: GUID: bd1af0a6633ee94ae21c7d1d702cdc12 - Path: Packages/com.unity.modules.androidjni/package.json - Importer: ScriptedImporter/UnityEditor.QuickSearchModule:UnityEditor.Search:ASIAI0B
Importing 'GUID: bd1af0a6633ee94ae21c7d1d702cdc12 - Path: Packages/com.unity.modules.androidjni/package.json - Importer: ScriptedImporter/UnityEditor.QuickSearchModule:UnityEditor.Search:ASIAI0B' with importer (ScriptedImporter : UnityEditor.QuickSearchModule:UnityEditor.Search:ASIAI0B)
Imported 'GUID: bd1af0a6633ee94ae21c7d1d702cdc12' -> (Import Result ID: '78489c8b7124332cc4182fb4c93f06e7') in 0.009 seconds [static and dynamic dependencies]. Details - ImportResultOutputID=8b0977afe74d5c0f54d26a8e8cb75f41 DependenciesID=e5863674acb58382940b7481dead7769 StaticDependenciesID=dec2df146fdb7efdce1e5a2dc0156c94 
Number of updated asset objects reloaded before import = 0
Number of asset objects unloaded after import = 1
========================================================================
Received Import Request.
  Time of request: 2026-08-17T11:23:08.1335936Z
  Time since last request: 0.0002159 seconds.
  importAddress: GUID: 7ef8348b8ea834d7e1bc214b07f7fb87 - Path: Packages/com.unity.modules.animation/package.json - Importer: ScriptedImporter/UnityEditor.QuickSearchModule:UnityEditor.Search:ASIAI0B
Importing 'GUID: 7ef8348b8ea834d7e1bc214b07f7fb87 - Path: Packages/com.unity.modules.animation/package.json - Importer: ScriptedImporter/UnityEditor.QuickSearchModule:UnityEditor.Search:ASIAI0B' with importer (ScriptedImporter : UnityEditor.QuickSearchModule:UnityEditor.Search:ASIAI0B)
Imported 'GUID: 7ef8348b8ea834d7e1bc214b07f7fb87' -> (Import Result ID: 'a7b2bfa426d2ef91f7f11349e0739627') in 0.011 seconds [static and dynamic dependencies]. Details - ImportResultOutputID=8b91de571a213c80271da4f3db46b7f0 DependenciesID=c351a76d49ddbe871eb42738713cbed6 StaticDependenciesID=49eee52c2bb69cfe8a1e82a82ad5adec 
Number of updated asset objects reloaded before import = 0
Number of asset objects unloaded after import = 1
========================================================================
Received Import Request.
  Time of request: 2026-08-17T11:23:08.1448497Z
  Time since last request: 0.0002572 seconds.
  importAddress: GUID: 7610600f5c83e01041a6fe849d39279f - Path: Packages/com.unity.modules.unitywebrequestassetbundle/package.ModuleCompilationTrigger - Importer: ScriptedImporter/UnityEditor.QuickSearchModule:UnityEditor.Search:ASIAI0B
Importing 'GUID: 7610600f5c83e01041a6fe849d39279f - Path: Packages/com.unity.modules.unitywebrequestassetbundle/package.ModuleCompilationTrigger - Importer: ScriptedImporter/UnityEditor.QuickSearchModule:UnityEditor.Search:ASIAI0B' with importer (ScriptedImporter : UnityEditor.QuickSearchModule:UnityEditor.Search:ASIAI0B)
Imported 'GUID: 7610600f5c83e01041a6fe849d39279f' -> (Import Result ID: '71c6eff7c39eaae705ec44cc7ad3bbf7') in 0.002 seconds [static and dynamic dependencies]. Details - ImportResultOutputID=1f81d0271e7fcecd7d6e696188347121 DependenciesID=124da89abd3f0a9d1f4b9ac4f3101c3f StaticDependenciesID=3345b05d890caf41865202e83269e73d 
Number of updated asset objects reloaded before import = 0
Number of asset objects unloaded after import = 1
========================================================================
Received Import Request.
  Time of request: 2026-08-17T11:23:08.147316Z
  Time since last request: 0.0002198 seconds.
  importAddress: GUID: f0f13f2ab3d6d13cfc6e4656824bfca8 - Path: Packages/com.unity.modules.ai/package.json - Importer: ScriptedImporter/UnityEditor.QuickSearchModule:UnityEditor.Search:ASIAI0B
Importing 'GUID: f0f13f2ab3d6d13cfc6e4656824bfca8 - Path: Packages/com.unity.modules.ai/package.json - Importer: ScriptedImporter/UnityEditor.QuickSearchModule:UnityEditor.Search:ASIAI0B' with importer (ScriptedImporter : UnityEditor.QuickSearchModule:UnityEditor.Search:ASIAI0B)
Imported 'GUID: f0f13f2ab3d6d13cfc6e4656824bfca8' -> (Import Result ID: 'b1f77fa5a149cfb864d26f0e27793f50') in 0.012 seconds [static and dynamic dependencies]. Details - ImportResultOutputID=7b53447e7c42a2835608dd0dd84849c4 DependenciesID=6a4b5d0a559efb3ae255f9a80c29e151 StaticDependenciesID=f6b83dc5f5cecde58a042133fa8241d0 
Number of updated asset objects reloaded before import = 0
Number of asset objects unloaded after import = 1
========================================================================
Received Import Request.
  Time of request: 2026-08-17T11:23:08.1600468Z
  Time since last request: 0.0002096 seconds.
  importAddress: GUID: 99da7b3894f364efdb5fa1443952a55d - Path: Packages/com.unity.multiplayer.center/Editor/MultiplayerCenterWindow/UI/Icons/NGO.png - Importer: ScriptedImporter/UnityEditor.QuickSearchModule:UnityEditor.Search:ASIAI0B
Importing 'GUID: 99da7b3894f364efdb5fa1443952a55d - Path: Packages/com.unity.multiplayer.center/Editor/MultiplayerCenterWindow/UI/Icons/NGO.png - Importer: ScriptedImporter/UnityEditor.QuickSearchModule:UnityEditor.Search:ASIAI0B' with importer (ScriptedImporter : UnityEditor.QuickSearchModule:UnityEditor.Search:ASIAI0B)
Imported 'GUID: 99da7b3894f364efdb5fa1443952a55d' -> (Import Result ID: '9def1759b65d2a569fcd47ae767039ac') in 0.005 seconds [static and dynamic dependencies]. Details - ImportResultOutputID=a0b27eeb7f126eb4799aef8ecbc5a75b DependenciesID=2948b9ed2b71ee554436b17762292f41 StaticDependenciesID=e17f262013fceaca9fa70690be290b70 
Number of updated asset objects reloaded before import = 0
Number of asset objects unloaded after import = 1
========================================================================
Received Import Request.
  Time of request: 2026-08-17T11:23:08.1654996Z
  Time since last request: 0.0002184 seconds.
  importAddress: GUID: 281e16dfc02f4a86bf924188eb96b176 - Path: Packages/com.unity.multiplayer.center/Editor/MultiplayerCenterWindow/UI/RecommendationView/RecommendationItemView.cs - Importer: ScriptedImporter/UnityEditor.QuickSearchModule:UnityEditor.Search:ASIAI0B
Importing 'GUID: 281e16dfc02f4a86bf924188eb96b176 - Path: Packages/com.unity.multiplayer.center/Editor/MultiplayerCenterWindow/UI/RecommendationView/RecommendationItemView.cs - Importer: ScriptedImporter/UnityEditor.QuickSearchModule:UnityEditor.Search:ASIAI0B' with importer (ScriptedImporter : UnityEditor.QuickSearchModule:UnityEditor.Search:ASIAI0B)
Imported 'GUID: 281e16dfc02f4a86bf924188eb96b176' -> (Import Result ID: '6b8c7e8cec715717e8608290029d6f57') in 0.002 seconds [static and dynamic dependencies]. Details - ImportResultOutputID=ece4582f286b4e7c5aa180e084719ad9 DependenciesID=e33e0d81c6bdec3eb4939f76f7e782b2 StaticDependenciesID=e1653fd56957e70f763e2547e725bb71 
Number of updated asset objects reloaded before import = 0
Number of asset objects unloaded after import = 0
========================================================================
Received Import Request.
  Time of request: 2026-08-17T11:23:08.1680917Z
  Time since last request: 0.0001905 seconds.
  importAddress: GUID: b83f06ac0c0696e9563230865ca72b81 - Path: Packages/com.unity.modules.wind/package.json - Importer: ScriptedImporter/UnityEditor.QuickSearchModule:UnityEditor.Search:ASIAI0B
Importing 'GUID: b83f06ac0c0696e9563230865ca72b81 - Path: Packages/com.unity.modules.wind/package.json - Importer: ScriptedImporter/UnityEditor.QuickSearchModule:UnityEditor.Search:ASIAI0B' with importer (ScriptedImporter : UnityEditor.QuickSearchModule:UnityEditor.Search:ASIAI0B)
Imported 'GUID: b83f06ac0c0696e9563230865ca72b81' -> (Import Result ID: '5a1e650cb09411159e29fb7afa2742e9') in 0.009 seconds [static and dynamic dependencies]. Details - ImportResultOutputID=6efa1f8dbcc7c776f405f666bc4c0278 DependenciesID=713e23b7998b60eb5844ebd440067582 StaticDependenciesID=bde6f6cda6f3a83dfed4758f57afa58b 
Number of updated asset objects reloaded before import = 0
Number of asset objects unloaded after import = 1
========================================================================
Received Import Request.
  Time of request: 2026-08-17T11:23:08.1770799Z
  Time since last request: 0.0002051 seconds.
  importAddress: GUID: 2cb589d4e01184d928bb698f06e77561 - Path: Packages/com.unity.multiplayer.center/Editor/MultiplayerCenterWindow/UI/Icons/N4E@2x.png - Importer: ScriptedImporter/UnityEditor.QuickSearchModule:UnityEditor.Search:ASIAI0B
Importing 'GUID: 2cb589d4e01184d928bb698f06e77561 - Path: Packages/com.unity.multiplayer.center/Editor/MultiplayerCenterWindow/UI/Icons/N4E@2x.png - Importer: ScriptedImporter/UnityEditor.QuickSearchModule:UnityEditor.Search:ASIAI0B' with importer (ScriptedImporter : UnityEditor.QuickSearchModule:UnityEditor.Search:ASIAI0B)
Imported 'GUID: 2cb589d4e01184d928bb698f06e77561' -> (Import Result ID: '23df6e0e5ee0fb8eabb4481409f35f1a') in 0.004 seconds [static and dynamic dependencies]. Details - ImportResultOutputID=caab1f50ea185f01bade4bfdc8298d9a DependenciesID=583e6269e3448a62110cb4f707ad2684 StaticDependenciesID=d4608a7afce781ec9721b2915d4bfd1a 
Number of updated asset objects reloaded before import = 0
Number of asset objects unloaded after import = 1
========================================================================
Received Import Request.
  Time of request: 2026-08-17T11:23:08.1817077Z
  Time since last request: 0.0002102 seconds.
  importAddress: GUID: 9d9689eab72c8480c90679f4dcf18820 - Path: Packages/com.unity.multiplayer.center/Editor/MultiplayerCenterWindow/UI/Icons/Package.png - Importer: ScriptedImporter/UnityEditor.QuickSearchModule:UnityEditor.Search:ASIAI0B
Importing 'GUID: 9d9689eab72c8480c90679f4dcf18820 - Path: Packages/com.unity.multiplayer.center/Editor/MultiplayerCenterWindow/UI/Icons/Package.png - Importer: ScriptedImporter/UnityEditor.QuickSearchModule:UnityEditor.Search:ASIAI0B' with importer (ScriptedImporter : UnityEditor.QuickSearchModule:UnityEditor.Search:ASIAI0B)
Imported 'GUID: 9d9689eab72c8480c90679f4dcf18820' -> (Import Result ID: '694970315db3df17d97e6964e02fabd4') in 0.005 seconds [static and dynamic dependencies]. Details - ImportResultOutputID=b775c0c525e42271ebe7b707afc306f0 DependenciesID=8003ec32bedd4247aea85e8315b2636b StaticDependenciesID=8d063dfa8600ca19c23582a8f7bd474b 
Number of updated asset objects reloaded before import = 0
Number of asset objects unloaded after import = 1
========================================================================
Received Import Request.
  Time of request: 2026-08-17T11:23:08.1866287Z
  Time since last request: 0.0001962 seconds.
  importAddress: GUID: 30b312a167534621b316172253b08723 - Path: Packages/com.unity.modules.subsystems/package.json - Importer: ScriptedImporter/UnityEditor.QuickSearchModule:UnityEditor.Search:ASIAI0B
Importing 'GUID: 30b312a167534621b316172253b08723 - Path: Packages/com.unity.modules.subsystems/package.json - Importer: ScriptedImporter/UnityEditor.QuickSearchModule:UnityEditor.Search:ASIAI0B' with importer (ScriptedImporter : UnityEditor.QuickSearchModule:UnityEditor.Search:ASIAI0B)
Imported 'GUID: 30b312a167534621b316172253b08723' -> (Import Result ID: 'd32f123d6a85caa803e4245c777232d3') in 0.012 seconds [static and dynamic dependencies]. Details - ImportResultOutputID=61b6496f78bbdd37b6a42db091028e91 DependenciesID=aee9c0e52faf20fdbac5d784e1bfc082 StaticDependenciesID=f9137328d0f2ed9702b41a6c384b8e89 
Number of updated asset objects reloaded before import = 0
Number of asset objects unloaded after import = 1
========================================================================
Received Import Request.
  Time of request: 2026-08-17T11:23:08.1986694Z
  Time since last request: 0.0002088 seconds.
  importAddress: GUID: 63314900d81e4a15814496af1889cb51 - Path: Packages/com.unity.multiplayer.center/Editor/MultiplayerCenterWindow/UI/RecommendationView/SectionHeader.cs - Importer: ScriptedImporter/UnityEditor.QuickSearchModule:UnityEditor.Search:ASIAI0B
Importing 'GUID: 63314900d81e4a15814496af1889cb51 - Path: Packages/com.unity.multiplayer.center/Editor/MultiplayerCenterWindow/UI/RecommendationView/SectionHeader.cs - Importer: ScriptedImporter/UnityEditor.QuickSearchModule:UnityEditor.Search:ASIAI0B' with importer (ScriptedImporter : UnityEditor.QuickSearchModule:UnityEditor.Search:ASIAI0B)
Imported 'GUID: 63314900d81e4a15814496af1889cb51' -> (Import Result ID: '96129ea43011cea391b0b53dbd8f486d') in 0.002 seconds [static and dynamic dependencies]. Details - ImportResultOutputID=8c504d445cf732262d208a70a2dca224 DependenciesID=aa663f8f747895da78c29862e9fe283a StaticDependenciesID=f47ff65f885c345c3aaeaac4fe8cf8b9 
Number of updated asset objects reloaded before import = 0
Number of asset objects unloaded after import = 0
========================================================================
Received Import Request.
  Time of request: 2026-08-17T11:23:08.2011152Z
  Time since last request: 0.0002018 seconds.
  importAddress: GUID: 9431e8221045c4af189b2fa7174b9e9f - Path: Packages/com.unity.multiplayer.center/Editor/MultiplayerCenterWindow/UI/Icons/PackageManager@2x.png - Importer: ScriptedImporter/UnityEditor.QuickSearchModule:UnityEditor.Search:ASIAI0B
Importing 'GUID: 9431e8221045c4af189b2fa7174b9e9f - Path: Packages/com.unity.multiplayer.center/Editor/MultiplayerCenterWindow/UI/Icons/PackageManager@2x.png - Importer: ScriptedImporter/UnityEditor.QuickSearchModule:UnityEditor.Search:ASIAI0B' with importer (ScriptedImporter : UnityEditor.QuickSearchModule:UnityEditor.Search:ASIAI0B)
Imported 'GUID: 9431e8221045c4af189b2fa7174b9e9f' -> (Import Result ID: '7952c314fd3f021a1d44ec3b18c33f17') in 0.006 seconds [static and dynamic dependencies]. Details - ImportResultOutputID=31fca0e19506b775ed3b8c7de09ee050 DependenciesID=bf1020a9cbdf815931fe515a85dd82ce StaticDependenciesID=018a8aa4bf3148d4668c61b16611e9f3 
Number of updated asset objects reloaded before import = 0
Number of asset objects unloaded after import = 1
========================================================================
Received Import Request.
  Time of request: 2026-08-17T11:23:08.2097854Z
  Time since last request: 0.0028081 seconds.
  importAddress: GUID: 3cc1ebf2abb7fef6871ad48f499b6e21 - Path: Packages/com.unity.modules.vectorgraphics/package.ModuleCompilationTrigger - Importer: ScriptedImporter/UnityEditor.QuickSearchModule:UnityEditor.Search:ASIAI0B
Importing 'GUID: 3cc1ebf2abb7fef6871ad48f499b6e21 - Path: Packages/com.unity.modules.vectorgraphics/package.ModuleCompilationTrigger - Importer: ScriptedImporter/UnityEditor.QuickSearchModule:UnityEditor.Search:ASIAI0B' with importer (ScriptedImporter : UnityEditor.QuickSearchModule:UnityEditor.Search:ASIAI0B)
Imported 'GUID: 3cc1ebf2abb7fef6871ad48f499b6e21' -> (Import Result ID: '442ce220dbc84ca42469163678b0f3da') in 0.002 seconds [static and dynamic dependencies]. Details - ImportResultOutputID=02cf9ff424c1366a6c53dabfb3e321a8 DependenciesID=33e23ec09f2157c8c888ad8c41e80232 StaticDependenciesID=91f16ef788375314def576571cc72f35 
Number of updated asset objects reloaded before import = 0
Number of asset objects unloaded after import = 1
========================================================================
Received Import Request.
  Time of request: 2026-08-17T11:23:08.2123834Z
  Time since last request: 0.0001949 seconds.
  importAddress: GUID: d2ec2d1228c8e67cdd913cb5609176a2 - Path: Packages/com.unity.modules.unitywebrequest/package.ModuleCompilationTrigger - Importer: ScriptedImporter/UnityEditor.QuickSearchModule:UnityEditor.Search:ASIAI0B
Importing 'GUID: d2ec2d1228c8e67cdd913cb5609176a2 - Path: Packages/com.unity.modules.unitywebrequest/package.ModuleCompilationTrigger - Importer: ScriptedImporter/UnityEditor.QuickSearchModule:UnityEditor.Search:ASIAI0B' with importer (ScriptedImporter : UnityEditor.QuickSearchModule:UnityEditor.Search:ASIAI0B)
Imported 'GUID: d2ec2d1228c8e67cdd913cb5609176a2' -> (Import Result ID: '18f79fb4429808d29fd289d714206c0a') in 0.002 seconds [static and dynamic dependencies]. Details - ImportResultOutputID=b904b714885fd3d2d7c7d8aed0e0f164 DependenciesID=ea8b9c66115e0fd8868c523510e36281 StaticDependenciesID=8a91491cbf389786d09c45543a1b2682 
Number of updated asset objects reloaded before import = 0
Number of asset objects unloaded after import = 1
========================================================================
Received Import Request.
  Time of request: 2026-08-17T11:23:08.215049Z
  Time since last request: 0.0002072 seconds.
  importAddress: GUID: 3fdd83b151eb8d25c5e2f82fc39dcb04 - Path: Packages/com.unity.modules.unitywebrequest/package.json - Importer: ScriptedImporter/UnityEditor.QuickSearchModule:UnityEditor.Search:ASIAI0B
Importing 'GUID: 3fdd83b151eb8d25c5e2f82fc39dcb04 - Path: Packages/com.unity.modules.unitywebrequest/package.json - Importer: ScriptedImporter/UnityEditor.QuickSearchModule:UnityEditor.Search:ASIAI0B' with importer (ScriptedImporter : UnityEditor.QuickSearchModule:UnityEditor.Search:ASIAI0B)
Imported 'GUID: 3fdd83b151eb8d25c5e2f82fc39dcb04' -> (Import Result ID: '20a632155028c07e212f605deb2b8b3c') in 0.011 seconds [static and dynamic dependencies]. Details - ImportResultOutputID=928e700fa0779d0d83d952126164aff0 DependenciesID=d4cc75172f3da45ca2d46b3898cd25b6 StaticDependenciesID=e8143ef487ce67fb30c5f06e4094016f 
Number of updated asset objects reloaded before import = 0
Number of asset objects unloaded after import = 1
========================================================================
Received Import Request.
  Time of request: 2026-08-17T11:23:08.2261827Z
  Time since last request: 0.0002139 seconds.
  importAddress: GUID: 78e5667e52329c3ceef41288763404ae - Path: Packages/com.unity.modules.vectorgraphics/package.json - Importer: ScriptedImporter/UnityEditor.QuickSearchModule:UnityEditor.Search:ASIAI0B
Importing 'GUID: 78e5667e52329c3ceef41288763404ae - Path: Packages/com.unity.modules.vectorgraphics/package.json - Importer: ScriptedImporter/UnityEditor.QuickSearchModule:UnityEditor.Search:ASIAI0B' with importer (ScriptedImporter : UnityEditor.QuickSearchModule:UnityEditor.Search:ASIAI0B)
Imported 'GUID: 78e5667e52329c3ceef41288763404ae' -> (Import Result ID: 'd9d5d1a425c66dbd2fe7fed8575eec38') in 0.012 seconds [static and dynamic dependencies]. Details - ImportResultOutputID=040217f1ee0613608688f56607f0259e DependenciesID=9db875a715c52929207f4a71a7f376cc StaticDependenciesID=b19b19cd96f149bac66b30ab810de0ba 
Number of updated asset objects reloaded before import = 0
Number of asset objects unloaded after import = 1
Editor requested this worker to shutdown with reason: Editor is closing down
AcceleratorClientConnectionCallback - disconnected - :0
AssetImportWorker is now disconnected from the server
Process exiting
Exiting without the bug reporter. Application will terminate with return code 0